Algorithm,Problem,IndicatorName,ExecutionId,IndicatorValue
NGSAII,square1,SP,0,0.4195029928710043
NGSAII,square1,SP,1,0.44016729915133784
NGSAII,square1,SP,2,0.418766920315636
NGSAII,square1,SP,3,0.43182787068558215
NGSAII,square1,SP,4,0.4830531030276467
NGSAII,square1,SP,5,0.4281669094319639
NGSAII,square1,SP,6,0.49437340707024524
NGSAII,square1,SP,7,0.3718780953255366
NGSAII,square1,SP,8,0.4531233112910414
NGSAII,square1,SP,9,0.45552496770811923
NGSAII,square1,SP,10,0.4495299322201262
NGSAII,square1,SP,11,0.466176236599773
NGSAII,square1,SP,12,0.3784629452871874
NGSAII,square1,SP,13,0.49656768173944965
NGSAII,square1,SP,14,0.40616582104354093
NGSAII,square1,SP,15,0.363098871839719
NGSAII,square1,SP,16,0.3797402558343218
NGSAII,square1,SP,17,0.37662043263080675
NGSAII,square1,SP,18,0.4489837287545672
NGSAII,square1,SP,19,0.4121433236958396
NGSAII,square1,SP,20,0.4817736153162831
NGSAII,square1,SP,21,0.43434277111449215
NGSAII,square1,SP,22,0.3476525009358796
NGSAII,square1,SP,23,0.4249971797837457
NGSAII,square1,SP,24,0.39902443062365883
NGSAII,square1,SP,25,0.5434158836279784
NGSAII,square1,SP,26,0.38254543308907224
NGSAII,square1,SP,27,0.45005355233263433
NGSAII,square1,SP,28,0.4563096925062225
NGSAII,square1,SP,29,0.4401032707502927
NGSAII,square2,SP,0,0.363041461914626
NGSAII,square2,SP,1,0.5822934095934518
NGSAII,square2,SP,2,0.40990929615637756
NGSAII,square2,SP,3,0.6244010236990555
NGSAII,square2,SP,4,0.5007367904234772
NGSAII,square2,SP,5,0.44326223910456763
NGSAII,square2,SP,6,0.4154860846099336
NGSAII,square2,SP,7,0.5603967151044489
NGSAII,square2,SP,8,0.4163654727089801
NGSAII,square2,SP,9,0.4392416378061793
NGSAII,square2,SP,10,0.37595542791750974
NGSAII,square2,SP,11,0.4214552209847651
NGSAII,square2,SP,12,0.3852080618003619
NGSAII,square2,SP,13,0.44438495359272984
NGSAII,square2,SP,14,0.5239196384750132
NGSAII,square2,SP,15,0.42089781365719175
NGSAII,square2,SP,16,0.5307319323351147
NGSAII,square2,SP,17,0.508045197793254
NGSAII,square2,SP,18,0.4582745710971488
NGSAII,square2,SP,19,0.43122963932839237
NGSAII,square2,SP,20,0.3972529979172502
NGSAII,square2,SP,21,0.6046717662372988
NGSAII,square2,SP,22,0.36596978043696315
NGSAII,square2,SP,23,0.46067217786069287
NGSAII,square2,SP,24,0.307180679391061
NGSAII,square2,SP,25,0.4291262525028379
NGSAII,square2,SP,26,0.6761922290966456
NGSAII,square2,SP,27,0.33959014689930117
NGSAII,square2,SP,28,0.44341446884801167
NGSAII,square2,SP,29,0.2446954410133039
NGSAII,square3,SP,0,0.354675066123203
NGSAII,square3,SP,1,0.38228233792677696
NGSAII,square3,SP,2,0.35207572304204054
NGSAII,square3,SP,3,0.3409421370202895
NGSAII,square3,SP,4,0.36920246938308743
NGSAII,square3,SP,5,0.35672806926760475
NGSAII,square3,SP,6,0.3510254248586193
NGSAII,square3,SP,7,0.4320756748371906
NGSAII,square3,SP,8,0.32185211017256543
NGSAII,square3,SP,9,0.3404206001127089
NGSAII,square3,SP,10,0.38922497790488214
NGSAII,square3,SP,11,0.3681478316956575
NGSAII,square3,SP,12,0.35762428062844986
NGSAII,square3,SP,13,0.3590464339918388
NGSAII,square3,SP,14,0.3259928906544854
NGSAII,square3,SP,15,0.33591595581329503
NGSAII,square3,SP,16,0.4042524997498409
NGSAII,square3,SP,17,0.4680649599597982
NGSAII,square3,SP,18,0.3905776308581971
NGSAII,square3,SP,19,0.3488062856490696
NGSAII,square3,SP,20,0.42649207402252143
NGSAII,square3,SP,21,0.45467959746440056
NGSAII,square3,SP,22,0.3737843627050959
NGSAII,square3,SP,23,0.39019473549299444
NGSAII,square3,SP,24,0.367925771757254
NGSAII,square3,SP,25,0.25924864434632916
NGSAII,square3,SP,26,0.41041356582280714
NGSAII,square3,SP,27,0.3670483922872811
NGSAII,square3,SP,28,0.3492503587476979
NGSAII,square3,SP,29,0.45420307238667135
NGSAII,square4,SP,0,0.3871812699407512
NGSAII,square4,SP,1,0.3347841560232851
NGSAII,square4,SP,2,0.4530989507668095
NGSAII,square4,SP,3,0.35486256607455624
NGSAII,square4,SP,4,0.3392033780277961
NGSAII,square4,SP,5,0.36884551000160176
NGSAII,square4,SP,6,0.3151605668029687
NGSAII,square4,SP,7,0.30368692945767994
NGSAII,square4,SP,8,0.32590637626786395
NGSAII,square4,SP,9,0.42198486396529566
NGSAII,square4,SP,10,0.3763607417044983
NGSAII,square4,SP,11,0.31996822487418664
NGSAII,square4,SP,12,0.36114829477003263
NGSAII,square4,SP,13,0.3099923808860109
NGSAII,square4,SP,14,0.46493664898199133
NGSAII,square4,SP,15,0.29276484111399487
NGSAII,square4,SP,16,0.2775796989186901
NGSAII,square4,SP,17,0.31034693416894865
NGSAII,square4,SP,18,0.38550186155742594
NGSAII,square4,SP,19,0.2953854827384187
NGSAII,square4,SP,20,0.44555001839761177
NGSAII,square4,SP,21,0.40405825504427445
NGSAII,square4,SP,22,0.3257742968051098
NGSAII,square4,SP,23,0.3795938213213319
NGSAII,square4,SP,24,0.36615494789021497
NGSAII,square4,SP,25,0.3914208597975965
NGSAII,square4,SP,26,0.2939997894357083
NGSAII,square4,SP,27,0.25715623430446083
NGSAII,square4,SP,28,0.3334432163895539
NGSAII,square4,SP,29,0.3360030172614152
PESA2,square1,SP,0,1.418187664708787
PESA2,square1,SP,1,1.4950851770912608
PESA2,square1,SP,2,1.5140504566012276
PESA2,square1,SP,3,1.5458799430591992
PESA2,square1,SP,4,1.543445119025508
PESA2,square1,SP,5,1.4976795981688777
PESA2,square1,SP,6,1.5323764012864376
PESA2,square1,SP,7,1.5137327088044006
PESA2,square1,SP,8,1.513680770021492
PESA2,square1,SP,9,1.5080276586234302
PESA2,square1,SP,10,1.5502559239239908
PESA2,square1,SP,11,1.3561368307222348
PESA2,square1,SP,12,1.470682613745456
PESA2,square1,SP,13,1.5567558527096585
PESA2,square1,SP,14,1.527723918503546
PESA2,square1,SP,15,1.4827278698413788
PESA2,square1,SP,16,1.5034223129246858
PESA2,square1,SP,17,1.4766757424368386
PESA2,square1,SP,18,1.4975041771147912
PESA2,square1,SP,19,1.5054401447893717
PESA2,square1,SP,20,1.5084980867120732
PESA2,square1,SP,21,1.5891388505240316
PESA2,square1,SP,22,1.5120256300880184
PESA2,square1,SP,23,1.4991803493079447
PESA2,square1,SP,24,1.5156197017927717
PESA2,square1,SP,25,1.5429052466358342
PESA2,square1,SP,26,1.5294653899359953
PESA2,square1,SP,27,1.455292940516306
PESA2,square1,SP,28,1.418574184363558
PESA2,square1,SP,29,1.5482385531766392
PESA2,square2,SP,0,1.6003399754715766
PESA2,square2,SP,1,1.625012411400503
PESA2,square2,SP,2,1.6353392284072306
PESA2,square2,SP,3,1.6199432689990831
PESA2,square2,SP,4,1.681520900392358
PESA2,square2,SP,5,1.689101771065818
PESA2,square2,SP,6,1.699243809213527
PESA2,square2,SP,7,1.6469704227674191
PESA2,square2,SP,8,1.6018537974387377
PESA2,square2,SP,9,1.676000508371407
PESA2,square2,SP,10,1.7058480153064701
PESA2,square2,SP,11,1.5162650206461772
PESA2,square2,SP,12,1.7044289823507566
PESA2,square2,SP,13,1.6728886901860263
PESA2,square2,SP,14,1.7240203265189105
PESA2,square2,SP,15,1.6590649657238743
PESA2,square2,SP,16,1.6917317972768602
PESA2,square2,SP,17,1.658878995255438
PESA2,square2,SP,18,1.621518188362437
PESA2,square2,SP,19,1.674083193571297
PESA2,square2,SP,20,1.6895851191218414
PESA2,square2,SP,21,1.6297987716233862
PESA2,square2,SP,22,1.618609565482552
PESA2,square2,SP,23,1.6165134584889786
PESA2,square2,SP,24,1.585593649090781
PESA2,square2,SP,25,1.7249858115813381
PESA2,square2,SP,26,1.6457345512686041
PESA2,square2,SP,27,1.7496155190802598
PESA2,square2,SP,28,1.6317064547486237
PESA2,square2,SP,29,1.6210594096784856
PESA2,square3,SP,0,1.5547237618145993
PESA2,square3,SP,1,1.5659465653780875
PESA2,square3,SP,2,1.59055602959397
PESA2,square3,SP,3,1.5332936030168731
PESA2,square3,SP,4,1.4902547132305608
PESA2,square3,SP,5,1.4736101338186949
PESA2,square3,SP,6,1.6073998031901524
PESA2,square3,SP,7,1.4979393617988737
PESA2,square3,SP,8,1.453173229144047
PESA2,square3,SP,9,1.516004976120295
PESA2,square3,SP,10,1.5108172208702129
PESA2,square3,SP,11,1.525573267847943
PESA2,square3,SP,12,1.5174260390437346
PESA2,square3,SP,13,1.491192692956
PESA2,square3,SP,14,1.5384774631397788
PESA2,square3,SP,15,1.5776394338915087
PESA2,square3,SP,16,1.5181243419499493
PESA2,square3,SP,17,1.6063712526821943
PESA2,square3,SP,18,1.5798437087217152
PESA2,square3,SP,19,1.5887219777989496
PESA2,square3,SP,20,1.5441003551951296
PESA2,square3,SP,21,1.6029059728711963
PESA2,square3,SP,22,1.6115323774432775
PESA2,square3,SP,23,1.5416629250256342
PESA2,square3,SP,24,1.595410402127728
PESA2,square3,SP,25,1.5658259288615346
PESA2,square3,SP,26,1.5233869642462474
PESA2,square3,SP,27,1.4922963753782983
PESA2,square3,SP,28,1.5486945040523872
PESA2,square3,SP,29,1.5251758404337368
PESA2,square4,SP,0,1.5951964758761532
PESA2,square4,SP,1,1.5373366200458967
PESA2,square4,SP,2,1.569483947794377
PESA2,square4,SP,3,1.5872922265042733
PESA2,square4,SP,4,1.5440391397681739
PESA2,square4,SP,5,1.5057484992123393
PESA2,square4,SP,6,1.5536308530526224
PESA2,square4,SP,7,1.563020954014625
PESA2,square4,SP,8,1.6007688717657753
PESA2,square4,SP,9,1.6713130288626783
PESA2,square4,SP,10,1.5739594593335313
PESA2,square4,SP,11,1.5913792902795498
PESA2,square4,SP,12,1.5770788706275478
PESA2,square4,SP,13,1.6549657657775858
PESA2,square4,SP,14,1.5757350809946142
PESA2,square4,SP,15,1.6597025236099698
PESA2,square4,SP,16,1.5988309407026813
PESA2,square4,SP,17,1.55709906407082
PESA2,square4,SP,18,1.5687765759068804
PESA2,square4,SP,19,1.5607826623783443
PESA2,square4,SP,20,1.5354234653130887
PESA2,square4,SP,21,1.613962063993141
PESA2,square4,SP,22,1.5725729853315775
PESA2,square4,SP,23,1.519501719231017
PESA2,square4,SP,24,1.584545410320212
PESA2,square4,SP,25,1.5689121648768003
PESA2,square4,SP,26,1.6047106668048008
PESA2,square4,SP,27,1.6002487428986254
PESA2,square4,SP,28,1.5839001448128516
PESA2,square4,SP,29,1.5614597565784174
NGSAII,square1,GD,0,0.013639130701686078
NGSAII,square1,GD,1,0.01739826832490017
NGSAII,square1,GD,2,0.01620479712878205
NGSAII,square1,GD,3,0.014662665618108181
NGSAII,square1,GD,4,0.019016436504500498
NGSAII,square1,GD,5,0.015029310861414796
NGSAII,square1,GD,6,0.013345857985763585
NGSAII,square1,GD,7,0.019814516650494017
NGSAII,square1,GD,8,0.01662989120570644
NGSAII,square1,GD,9,0.014348333301956171
NGSAII,square1,GD,10,0.014907466721566487
NGSAII,square1,GD,11,0.016007588741770093
NGSAII,square1,GD,12,0.014633506410674197
NGSAII,square1,GD,13,0.01281339327622847
NGSAII,square1,GD,14,0.014728172600800227
NGSAII,square1,GD,15,0.017945034864165026
NGSAII,square1,GD,16,0.01517853906454253
NGSAII,square1,GD,17,0.014328616059493735
NGSAII,square1,GD,18,0.024334135982916224
NGSAII,square1,GD,19,0.015961466889979032
NGSAII,square1,GD,20,0.012066665694352949
NGSAII,square1,GD,21,0.014623843806431032
NGSAII,square1,GD,22,0.025289272213339792
NGSAII,square1,GD,23,0.014493254037389998
NGSAII,square1,GD,24,0.018342796529169418
NGSAII,square1,GD,25,0.017168711217354
NGSAII,square1,GD,26,0.015416585101103516
NGSAII,square1,GD,27,0.016521136114503347
NGSAII,square1,GD,28,0.013725047239503976
NGSAII,square1,GD,29,0.018722430787829716
NGSAII,square2,GD,0,0.04858899060915087
NGSAII,square2,GD,1,0.06834075810859926
NGSAII,square2,GD,2,0.040824945136402654
NGSAII,square2,GD,3,0.06969318180527768
NGSAII,square2,GD,4,0.05433136299980351
NGSAII,square2,GD,5,0.0459045925637144
NGSAII,square2,GD,6,0.04692538045209757
NGSAII,square2,GD,7,0.05845367238650856
NGSAII,square2,GD,8,0.04591094500615167
NGSAII,square2,GD,9,0.04432160549166983
NGSAII,square2,GD,10,0.04946041343337244
NGSAII,square2,GD,11,0.04689066857950346
NGSAII,square2,GD,12,0.041460989313750155
NGSAII,square2,GD,13,0.05068421069786605
NGSAII,square2,GD,14,0.055718877421628676
NGSAII,square2,GD,15,0.03352583042346997
NGSAII,square2,GD,16,0.05634986985264287
NGSAII,square2,GD,17,0.063962722043337
NGSAII,square2,GD,18,0.048582807691211295
NGSAII,square2,GD,19,0.04603425326718914
NGSAII,square2,GD,20,0.046560883220485086
NGSAII,square2,GD,21,0.06971539874495956
NGSAII,square2,GD,22,0.04740258161837908
NGSAII,square2,GD,23,0.048937691368627884
NGSAII,square2,GD,24,0.040712172237114395
NGSAII,square2,GD,25,0.049119767247406076
NGSAII,square2,GD,26,0.08218654116465078
NGSAII,square2,GD,27,0.04003571762577541
NGSAII,square2,GD,28,0.04624248463396446
NGSAII,square2,GD,29,0.03724041896674825
NGSAII,square3,GD,0,0.017829078937899836
NGSAII,square3,GD,1,0.017505464570890698
NGSAII,square3,GD,2,0.01590561600054533
NGSAII,square3,GD,3,0.014990520693865786
NGSAII,square3,GD,4,0.01974513811723029
NGSAII,square3,GD,5,0.019547975443411712
NGSAII,square3,GD,6,0.01128325896220003
NGSAII,square3,GD,7,0.014087358611231933
NGSAII,square3,GD,8,0.01756168047714624
NGSAII,square3,GD,9,0.017936181451594622
NGSAII,square3,GD,10,0.014933730337909035
NGSAII,square3,GD,11,0.01478104856877447
NGSAII,square3,GD,12,0.017749062423685975
NGSAII,square3,GD,13,0.015936391669856467
NGSAII,square3,GD,14,0.01727984243488668
NGSAII,square3,GD,15,0.01844040349506214
NGSAII,square3,GD,16,0.018424353875629865
NGSAII,square3,GD,17,0.024983423159668918
NGSAII,square3,GD,18,0.018884629361313247
NGSAII,square3,GD,19,0.014555363285194894
NGSAII,square3,GD,20,0.014146284979655923
NGSAII,square3,GD,21,0.0206668553421006
NGSAII,square3,GD,22,0.01408835840528281
NGSAII,square3,GD,23,0.012289372490805422
NGSAII,square3,GD,24,0.01836152666084347
NGSAII,square3,GD,25,0.015614120932198649
NGSAII,square3,GD,26,0.01819741752114074
NGSAII,square3,GD,27,0.01755636711710896
NGSAII,square3,GD,28,0.01863468342215554
NGSAII,square3,GD,29,0.015736598296947336
NGSAII,square4,GD,0,0.018509913625352762
NGSAII,square4,GD,1,0.02252335943730902
NGSAII,square4,GD,2,0.01751981601649262
NGSAII,square4,GD,3,0.021531344091616927
NGSAII,square4,GD,4,0.0190977234265752
NGSAII,square4,GD,5,0.020435827082858498
NGSAII,square4,GD,6,0.016844056481122836
NGSAII,square4,GD,7,0.01991237949544516
NGSAII,square4,GD,8,0.021680897612536915
NGSAII,square4,GD,9,0.032579784272518356
NGSAII,square4,GD,10,0.020935358056130508
NGSAII,square4,GD,11,0.028811114051762874
NGSAII,square4,GD,12,0.022486712541392177
NGSAII,square4,GD,13,0.022147654958165234
NGSAII,square4,GD,14,0.021161813642496183
NGSAII,square4,GD,15,0.023589879988392428
NGSAII,square4,GD,16,0.02243908396060514
NGSAII,square4,GD,17,0.02898139803704535
NGSAII,square4,GD,18,0.022645943473096616
NGSAII,square4,GD,19,0.02148556892821666
NGSAII,square4,GD,20,0.02197964260266316
NGSAII,square4,GD,21,0.02011498355822984
NGSAII,square4,GD,22,0.024997638060826593
NGSAII,square4,GD,23,0.021553740262514706
NGSAII,square4,GD,24,0.016305611566173016
NGSAII,square4,GD,25,0.029354781465409988
NGSAII,square4,GD,26,0.017777879691466665
NGSAII,square4,GD,27,0.025004357710362
NGSAII,square4,GD,28,0.03259417133923395
NGSAII,square4,GD,29,0.02253634737390827
PESA2,square1,GD,0,0.010893564825612623
PESA2,square1,GD,1,0.007981685998175881
PESA2,square1,GD,2,0.010611735676205263
PESA2,square1,GD,3,0.00991050905551875
PESA2,square1,GD,4,0.010322477490202328
PESA2,square1,GD,5,0.012200605450962824
PESA2,square1,GD,6,0.009141699013460425
PESA2,square1,GD,7,0.008570070767458202
PESA2,square1,GD,8,0.00878175802740809
PESA2,square1,GD,9,0.0074344400844833
PESA2,square1,GD,10,0.009169317245317846
PESA2,square1,GD,11,0.009512196004991931
PESA2,square1,GD,12,0.007294834305171951
PESA2,square1,GD,13,0.008995815421015348
PESA2,square1,GD,14,0.010092487167498188
PESA2,square1,GD,15,0.009419060718289298
PESA2,square1,GD,16,0.006688264523100441
PESA2,square1,GD,17,0.01160835329258421
PESA2,square1,GD,18,0.009474285723516917
PESA2,square1,GD,19,0.011285897026196883
PESA2,square1,GD,20,0.006502506033317677
PESA2,square1,GD,21,0.009094847688614405
PESA2,square1,GD,22,0.010121365703429905
PESA2,square1,GD,23,0.007514816505726213
PESA2,square1,GD,24,0.009568666926067391
PESA2,square1,GD,25,0.009727581655969146
PESA2,square1,GD,26,0.009278942179971328
PESA2,square1,GD,27,0.00968464655510613
PESA2,square1,GD,28,0.01010611358365724
PESA2,square1,GD,29,0.008441313493354374
PESA2,square2,GD,0,0.0103378763807807
PESA2,square2,GD,1,0.011830876621866042
PESA2,square2,GD,2,0.014580626605767472
PESA2,square2,GD,3,0.01650631544378059
PESA2,square2,GD,4,0.013866249684957399
PESA2,square2,GD,5,0.015047315849495996
PESA2,square2,GD,6,0.010760850072009297
PESA2,square2,GD,7,0.016366571756413918
PESA2,square2,GD,8,0.019233803263848926
PESA2,square2,GD,9,0.020329854109110146
PESA2,square2,GD,10,0.01396548024125001
PESA2,square2,GD,11,0.021266188224718204
PESA2,square2,GD,12,0.014304663610246801
PESA2,square2,GD,13,0.016168888284692484
PESA2,square2,GD,14,0.014534006466548906
PESA2,square2,GD,15,0.01681038608739336
PESA2,square2,GD,16,0.01594623781488697
PESA2,square2,GD,17,0.020614612857557814
PESA2,square2,GD,18,0.0165527845585598
PESA2,square2,GD,19,0.017624995869935798
PESA2,square2,GD,20,0.014651091546143769
PESA2,square2,GD,21,0.01897658123297074
PESA2,square2,GD,22,0.013019822240915604
PESA2,square2,GD,23,0.018092216161558924
PESA2,square2,GD,24,0.01596909447262546
PESA2,square2,GD,25,0.013569328476449245
PESA2,square2,GD,26,0.022483498390678605
PESA2,square2,GD,27,0.010395188237147841
PESA2,square2,GD,28,0.01482554218192293
PESA2,square2,GD,29,0.021143919883432963
PESA2,square3,GD,0,0.007149789436773956
PESA2,square3,GD,1,0.009456096303123007
PESA2,square3,GD,2,0.009314915815446394
PESA2,square3,GD,3,0.01172490966739469
PESA2,square3,GD,4,0.009635520097566427
PESA2,square3,GD,5,0.009539996310734912
PESA2,square3,GD,6,0.008954698032210698
PESA2,square3,GD,7,0.009276591100522232
PESA2,square3,GD,8,0.009981302570476597
PESA2,square3,GD,9,0.008973588008255535
PESA2,square3,GD,10,0.009045434106181447
PESA2,square3,GD,11,0.00954007306355883
PESA2,square3,GD,12,0.007977250001431421
PESA2,square3,GD,13,0.012271093993229227
PESA2,square3,GD,14,0.01110048212391031
PESA2,square3,GD,15,0.008240183643074083
PESA2,square3,GD,16,0.009108745119669723
PESA2,square3,GD,17,0.007347346982602921
PESA2,square3,GD,18,0.005265632412955876
PESA2,square3,GD,19,0.008674275412556267
PESA2,square3,GD,20,0.006027734840058414
PESA2,square3,GD,21,0.008553905909074644
PESA2,square3,GD,22,0.00871890293686278
PESA2,square3,GD,23,0.011521434974868447
PESA2,square3,GD,24,0.00883565206190049
PESA2,square3,GD,25,0.008000968172139338
PESA2,square3,GD,26,0.006704161031633397
PESA2,square3,GD,27,0.010651503863088501
PESA2,square3,GD,28,0.008013469167883081
PESA2,square3,GD,29,0.006903684509601787
PESA2,square4,GD,0,0.01593387888553782
PESA2,square4,GD,1,0.008241990742960456
PESA2,square4,GD,2,0.008714953770403244
PESA2,square4,GD,3,0.007954727508455675
PESA2,square4,GD,4,0.01006532246530612
PESA2,square4,GD,5,0.013305451598485264
PESA2,square4,GD,6,0.013428258142395115
PESA2,square4,GD,7,0.009750526355283194
PESA2,square4,GD,8,0.008623436119871543
PESA2,square4,GD,9,0.009215091351949567
PESA2,square4,GD,10,0.010777217142445
PESA2,square4,GD,11,0.015346868603917364
PESA2,square4,GD,12,0.012129990264097373
PESA2,square4,GD,13,0.009710021596943563
PESA2,square4,GD,14,0.009794455830037855
PESA2,square4,GD,15,0.009669088120982366
PESA2,square4,GD,16,0.010033429602270771
PESA2,square4,GD,17,0.010435260605243848
PESA2,square4,GD,18,0.011262213849470244
PESA2,square4,GD,19,0.009334083746082182
PESA2,square4,GD,20,0.009879432926426948
PESA2,square4,GD,21,0.010939313508260235
PESA2,square4,GD,22,0.00868929613108905
PESA2,square4,GD,23,0.012064836144247111
PESA2,square4,GD,24,0.013384382848976806
PESA2,square4,GD,25,0.009231152715678101
PESA2,square4,GD,26,0.010822283125091816
PESA2,square4,GD,27,0.012196390829238004
PESA2,square4,GD,28,0.014416180185597347
PESA2,square4,GD,29,0.008477989191304354
NGSAII,square1,HV,0,0.6465145727852809
NGSAII,square1,HV,1,0.6337546177619636
NGSAII,square1,HV,2,0.6473392870047995
NGSAII,square1,HV,3,0.5870216976359609
NGSAII,square1,HV,4,0.5991118380499336
NGSAII,square1,HV,5,0.6159932386187311
NGSAII,square1,HV,6,0.5957003269099148
NGSAII,square1,HV,7,0.6241234754477476
NGSAII,square1,HV,8,0.6480277001951257
NGSAII,square1,HV,9,0.5961591804721276
NGSAII,square1,HV,10,0.5941143993402286
NGSAII,square1,HV,11,0.5963866145481289
NGSAII,square1,HV,12,0.6456869359316082
NGSAII,square1,HV,13,0.6516538920984726
NGSAII,square1,HV,14,0.6542986103140292
NGSAII,square1,HV,15,0.6444724485935222
NGSAII,square1,HV,16,0.5879835099667138
NGSAII,square1,HV,17,0.5817203049742171
NGSAII,square1,HV,18,0.5902615704429226
NGSAII,square1,HV,19,0.6015514404866663
NGSAII,square1,HV,20,0.5963725327653858
NGSAII,square1,HV,21,0.59033277643868
NGSAII,square1,HV,22,0.5846057419664757
NGSAII,square1,HV,23,0.5915642681936633
NGSAII,square1,HV,24,0.5781847147296512
NGSAII,square1,HV,25,0.5910227837930903
NGSAII,square1,HV,26,0.6104707885373226
NGSAII,square1,HV,27,0.5783101223042686
NGSAII,square1,HV,28,0.5869852975560401
NGSAII,square1,HV,29,0.5869544770504138
NGSAII,square2,HV,0,0.5540980997736704
NGSAII,square2,HV,1,0.5619621722934742
NGSAII,square2,HV,2,0.5573736915314975
NGSAII,square2,HV,3,0.5512350881742738
NGSAII,square2,HV,4,0.5689627734817051
NGSAII,square2,HV,5,0.5839747972463221
NGSAII,square2,HV,6,0.5616733661825727
NGSAII,square2,HV,7,0.5615584331384383
NGSAII,square2,HV,8,0.550169747265183
NGSAII,square2,HV,9,0.5587514145605432
NGSAII,square2,HV,10,0.5413950513956998
NGSAII,square2,HV,11,0.580749304507733
NGSAII,square2,HV,12,0.5821948085628066
NGSAII,square2,HV,13,0.5504482388721238
NGSAII,square2,HV,14,0.5680713056393815
NGSAII,square2,HV,15,0.6070748656167484
NGSAII,square2,HV,16,0.5531565329121086
NGSAII,square2,HV,17,0.5380369436061863
NGSAII,square2,HV,18,0.5654057431158054
NGSAII,square2,HV,19,0.5774457162391551
NGSAII,square2,HV,20,0.5785832586759714
NGSAII,square2,HV,21,0.5465287273670314
NGSAII,square2,HV,22,0.5505160198981516
NGSAII,square2,HV,23,0.5397123137495285
NGSAII,square2,HV,24,0.5651272515088646
NGSAII,square2,HV,25,0.5576433421350434
NGSAII,square2,HV,26,0.5689023599585064
NGSAII,square2,HV,27,0.5606036047717843
NGSAII,square2,HV,28,0.5780675334779329
NGSAII,square2,HV,29,0.5757128795737458
NGSAII,square3,HV,0,0.5616586515927029
NGSAII,square3,HV,1,0.5748102864803045
NGSAII,square3,HV,2,0.5946935874721114
NGSAII,square3,HV,3,0.5862393835423815
NGSAII,square3,HV,4,0.5853341723381518
NGSAII,square3,HV,5,0.6092988333614564
NGSAII,square3,HV,6,0.6475983487072764
NGSAII,square3,HV,7,0.5689961354219397
NGSAII,square3,HV,8,0.6107322309091249
NGSAII,square3,HV,9,0.6225547579541407
NGSAII,square3,HV,10,0.5642105269325234
NGSAII,square3,HV,11,0.5786722280030748
NGSAII,square3,HV,12,0.5709632853366332
NGSAII,square3,HV,13,0.5758742758310367
NGSAII,square3,HV,14,0.5872207613851548
NGSAII,square3,HV,15,0.6160606731724694
NGSAII,square3,HV,16,0.603535655361194
NGSAII,square3,HV,17,0.5696983332395898
NGSAII,square3,HV,18,0.6035075322946547
NGSAII,square3,HV,19,0.5742683315522057
NGSAII,square3,HV,20,0.5791037413052853
NGSAII,square3,HV,21,0.5667046913962165
NGSAII,square3,HV,22,0.5895236304066596
NGSAII,square3,HV,23,0.5787504452818868
NGSAII,square3,HV,24,0.5949455232765248
NGSAII,square3,HV,25,0.5819974876727226
NGSAII,square3,HV,26,0.622685120085494
NGSAII,square3,HV,27,0.5586152084856666
NGSAII,square3,HV,28,0.5749172127228753
NGSAII,square3,HV,29,0.574230248232934
NGSAII,square4,HV,0,0.6166700755315037
NGSAII,square4,HV,1,0.6022832688443167
NGSAII,square4,HV,2,0.5525607839718529
NGSAII,square4,HV,3,0.6239136338946226
NGSAII,square4,HV,4,0.5907043050051078
NGSAII,square4,HV,5,0.619465065282556
NGSAII,square4,HV,6,0.6152347199030765
NGSAII,square4,HV,7,0.5546784713979476
NGSAII,square4,HV,8,0.6059318718803299
NGSAII,square4,HV,9,0.5227787613191078
NGSAII,square4,HV,10,0.6156032684866654
NGSAII,square4,HV,11,0.5601080666036307
NGSAII,square4,HV,12,0.576232276697
NGSAII,square4,HV,13,0.6111502292321896
NGSAII,square4,HV,14,0.5501759756618226
NGSAII,square4,HV,15,0.5843554339540822
NGSAII,square4,HV,16,0.612075372795694
NGSAII,square4,HV,17,0.5480814796932246
NGSAII,square4,HV,18,0.5731156801076531
NGSAII,square4,HV,19,0.6270131861597853
NGSAII,square4,HV,20,0.5447354832652678
NGSAII,square4,HV,21,0.5423584985794534
NGSAII,square4,HV,22,0.5922922213057407
NGSAII,square4,HV,23,0.5904380223666239
NGSAII,square4,HV,24,0.5477690935548986
NGSAII,square4,HV,25,0.5523283105665869
NGSAII,square4,HV,26,0.6007660445767755
NGSAII,square4,HV,27,0.5903528007457033
NGSAII,square4,HV,28,0.5478520798546147
NGSAII,square4,HV,29,0.570667444558446
PESA2,square1,HV,0,0.5747708123435061
PESA2,square1,HV,1,0.618722447530746
PESA2,square1,HV,2,0.6065871391343901
PESA2,square1,HV,3,0.6322741707158435
PESA2,square1,HV,4,0.5834433306551376
PESA2,square1,HV,5,0.6105470427193461
PESA2,square1,HV,6,0.6131080673204865
PESA2,square1,HV,7,0.5872842033218129
PESA2,square1,HV,8,0.5892155331097252
PESA2,square1,HV,9,0.599501079780473
PESA2,square1,HV,10,0.5833022471336929
PESA2,square1,HV,11,0.6247436052764705
PESA2,square1,HV,12,0.5945113461971747
PESA2,square1,HV,13,0.5790981707498523
PESA2,square1,HV,14,0.5810980495933818
PESA2,square1,HV,15,0.5936199427801371
PESA2,square1,HV,16,0.5882964975152296
PESA2,square1,HV,17,0.609710903657225
PESA2,square1,HV,18,0.572724702741537
PESA2,square1,HV,19,0.613564529636573
PESA2,square1,HV,20,0.651488630421752
PESA2,square1,HV,21,0.5897570175102984
PESA2,square1,HV,22,0.6511222383764182
PESA2,square1,HV,23,0.5858393592735713
PESA2,square1,HV,24,0.606596969812909
PESA2,square1,HV,25,0.5770525925359111
PESA2,square1,HV,26,0.5985878894542858
PESA2,square1,HV,27,0.6028193323215705
PESA2,square1,HV,28,0.5882335280339068
PESA2,square1,HV,29,0.58537333197298
PESA2,square2,HV,0,0.5725964258770276
PESA2,square2,HV,1,0.5751779988683516
PESA2,square2,HV,2,0.5349823769332327
PESA2,square2,HV,3,0.5562965626178801
PESA2,square2,HV,4,0.5511510986420218
PESA2,square2,HV,5,0.5335516078838175
PESA2,square2,HV,6,0.5619548047906451
PESA2,square2,HV,7,0.537537426914372
PESA2,square2,HV,8,0.5455208529800075
PESA2,square2,HV,9,0.5576109251225952
PESA2,square2,HV,10,0.5386617078460958
PESA2,square2,HV,11,0.5408778526970954
PESA2,square2,HV,12,0.5803293568464731
PESA2,square2,HV,13,0.5372088362881932
PESA2,square2,HV,14,0.5456785175405507
PESA2,square2,HV,15,0.533169971237269
PESA2,square2,HV,16,0.5436288782534894
PESA2,square2,HV,17,0.5359224702942286
PESA2,square2,HV,18,0.5766677079403999
PESA2,square2,HV,19,0.5689082539607695
PESA2,square2,HV,20,0.5222218620331951
PESA2,square2,HV,21,0.5296880894002264
PESA2,square2,HV,22,0.5480950584685025
PESA2,square2,HV,23,0.5233269874575632
PESA2,square2,HV,24,0.5304557831950207
PESA2,square2,HV,25,0.538735382874387
PESA2,square2,HV,26,0.5482777725386647
PESA2,square2,HV,27,0.5558574594492645
PESA2,square2,HV,28,0.5457315635609205
PESA2,square2,HV,29,0.5436745567710298
PESA2,square3,HV,0,0.6253975312634755
PESA2,square3,HV,1,0.5649713144721301
PESA2,square3,HV,2,0.5669744970658267
PESA2,square3,HV,3,0.5652657278249621
PESA2,square3,HV,4,0.6107392616757598
PESA2,square3,HV,5,0.5570561359844011
PESA2,square3,HV,6,0.5800262364774921
PESA2,square3,HV,7,0.6030133279899507
PESA2,square3,HV,8,0.5776961232352775
PESA2,square3,HV,9,0.5606075519808013
PESA2,square3,HV,10,0.5607915237077451
PESA2,square3,HV,11,0.5975943646061834
PESA2,square3,HV,12,0.6205621215103961
PESA2,square3,HV,13,0.6054163854360014
PESA2,square3,HV,14,0.5686850239983501
PESA2,square3,HV,15,0.5624534211710445
PESA2,square3,HV,16,0.5677821563829987
PESA2,square3,HV,17,0.5766883800176237
PESA2,square3,HV,18,0.5551543136096895
PESA2,square3,HV,19,0.5689220194236646
PESA2,square3,HV,20,0.6405675820724825
PESA2,square3,HV,21,0.6017926111329847
PESA2,square3,HV,22,0.5891753145096275
PESA2,square3,HV,23,0.6089177072201287
PESA2,square3,HV,24,0.5935572398147628
PESA2,square3,HV,25,0.5655118046571798
PESA2,square3,HV,26,0.572955335883158
PESA2,square3,HV,27,0.5800824826105706
PESA2,square3,HV,28,0.6318813628438045
PESA2,square3,HV,29,0.564879621557268
PESA2,square4,HV,0,0.5154239957260659
PESA2,square4,HV,1,0.6290509608528198
PESA2,square4,HV,2,0.6048642265900399
PESA2,square4,HV,3,0.5464832250320211
PESA2,square4,HV,4,0.58256326517839
PESA2,square4,HV,5,0.5768690638251264
PESA2,square4,HV,6,0.5253753663132624
PESA2,square4,HV,7,0.6072060049668838
PESA2,square4,HV,8,0.6134889340423773
PESA2,square4,HV,9,0.5956289970337288
PESA2,square4,HV,10,0.6150634384157833
PESA2,square4,HV,11,0.6083214302479196
PESA2,square4,HV,12,0.5532699396239743
PESA2,square4,HV,13,0.5328762660300472
PESA2,square4,HV,14,0.6189084703026403
PESA2,square4,HV,15,0.5500980188348166
PESA2,square4,HV,16,0.5840391360036481
PESA2,square4,HV,17,0.6054878812060901
PESA2,square4,HV,18,0.5756133721385096
PESA2,square4,HV,19,0.5339911324807818
PESA2,square4,HV,20,0.542189172998214
PESA2,square4,HV,21,0.5593061451215233
PESA2,square4,HV,22,0.6045686053607474
PESA2,square4,HV,23,0.5451079436609645
PESA2,square4,HV,24,0.5354024584062607
PESA2,square4,HV,25,0.6104013966286885
PESA2,square4,HV,26,0.6003824075750567
PESA2,square4,HV,27,0.607019076231159
PESA2,square4,HV,28,0.5173709604951683
PESA2,square4,HV,29,0.6236238803834917
