17,156,9,65,45,98,6,4,29,95,56,0,69,42,74,108,31,142,76,123,14,7,37,116,126,49,146,39,38,168,157,135,16,131,94,71,101,80,41,68,122,2,55,153,84,171,149,154,34,141,15,87,102,58,107,114,63,91,19,24,66,144,172,130,137,169,133,89,20,151,86,148,11,128,60,109,113,46,99,100,3,143,160,132,164,158,162,88,104,77,138,139,75,97,21,152,18,47,52,103,145,129,166,51,28,127,33,5,170,92,8,134,12,111,50,93,54,36,121,70,27,23,136,112,118,105,72,73,30,155,53,57,119,78,64,83,59,44,43,120,165,40,96,159,150,147,90,26,10,67,13,22,163,85,1,35,82,106,61,32,48,140,81,117,62,124,167,125,25,110,79,115,161
17,156,9,65,45,98,6,4,29,95,56,0,69,42,74,108,31,142,76,123,14,7,37,116,126,49,146,39,38,168,157,135,16,131,94,71,101,80,41,68,122,2,55,153,84,171,149,154,34,141,15,87,102,58,107,114,63,91,19,24,66,144,172,130,137,169,133,89,20,151,86,148,11,128,60,109,113,46,99,100,3,143,160,132,164,158,162,88,104,77,138,139,75,97,21,152,18,47,52,103,145,129,166,51,28,127,33,5,170,92,8,134,12,111,50,93,54,36,121,70,27,23,136,112,118,105,72,73,30,155,53,57,119,78,64,83,59,44,43,120,165,40,96,159,150,147,90,26,10,67,13,22,163,85,1,35,82,106,61,32,48,140,81,117,62,124,167,125,25,110,79,115,161
17,156,9,65,45,98,6,4,29,95,56,0,69,42,74,108,31,142,76,123,14,7,37,116,126,49,146,39,38,168,157,135,16,131,94,71,101,80,41,68,122,2,55,153,84,171,149,154,34,141,15,87,102,58,107,114,63,91,19,24,66,144,172,130,137,169,133,89,20,151,86,148,11,128,60,109,113,46,99,100,3,143,160,132,164,158,162,88,104,77,138,139,75,97,21,152,18,47,52,103,145,129,166,51,28,127,33,5,170,92,8,134,12,111,50,93,54,36,121,70,27,23,136,112,118,105,72,73,30,155,53,57,119,78,64,83,59,44,43,120,165,40,96,159,150,147,90,26,10,67,13,22,163,85,1,35,82,106,61,32,48,140,81,117,62,124,167,125,25,110,79,115,161
160,95,87,1,93,129,48,42,142,70,67,65,5,84,153,32,123,166,63,72,131,16,113,50,104,66,144,97,102,138,139,83,7,38,0,28,30,133,151,22,45,76,141,86,27,26,6,90,57,145,12,21,91,43,71,163,108,55,100,59,124,125,137,56,85,88,14,126,114,117,73,146,103,58,31,46,119,170,136,19,169,101,156,44,10,106,109,47,36,149,64,4,143,62,74,8,41,96,140,162,18,110,54,24,79,68,98,53,164,171,118,147,150,128,148,49,15,40,132,81,127,33,111,161,120,20,9,13,135,60,25,17,11,61,75,89,94,130,39,158,23,80,29,35,37,168,34,3,159,2,69,78,121,107,77,172,167,154,115,99,122,152,165,157,155,112,105,52,116,92,82,51,134
160,95,87,1,93,129,48,42,142,70,67,65,5,84,153,32,123,166,63,72,131,16,113,50,104,66,144,97,102,138,139,83,7,38,0,28,30,133,151,22,45,76,141,86,27,26,6,90,57,145,12,21,91,43,71,163,108,55,100,59,124,125,137,56,85,88,14,126,114,117,73,146,103,58,31,46,119,170,136,19,169,101,156,44,10,106,109,47,36,149,64,4,143,62,74,8,41,96,140,162,18,110,54,24,79,68,98,53,164,171,118,147,150,128,148,49,15,40,132,81,127,33,111,161,120,20,9,13,135,60,25,17,11,61,75,89,94,130,39,158,23,80,29,35,37,168,34,3,159,2,69,78,121,107,77,172,167,154,115,99,122,152,165,157,155,112,105,52,116,92,82,51,134
160,95,87,1,93,129,48,42,142,70,67,65,5,84,153,32,123,166,63,72,131,16,113,50,104,66,144,97,102,138,139,83,7,38,0,28,30,133,151,22,45,76,141,86,27,26,6,90,57,145,12,21,91,43,71,163,108,55,100,59,124,125,137,56,85,88,14,126,114,117,73,146,103,58,31,46,119,170,136,19,169,101,156,44,10,106,109,47,36,149,64,4,143,62,74,8,41,96,140,162,18,110,54,24,79,68,98,53,164,171,118,147,150,128,148,49,15,40,132,81,127,33,111,161,120,20,9,13,135,60,25,17,11,61,75,89,94,130,39,158,23,80,29,35,37,168,34,3,159,2,69,78,121,107,77,172,167,154,115,99,122,152,165,157,155,112,105,52,116,92,82,51,134
160,95,87,1,93,129,48,42,142,70,67,65,5,84,153,32,123,166,63,72,131,16,113,50,104,66,144,97,102,138,139,83,7,38,0,28,30,133,151,22,45,76,141,86,27,26,6,90,57,145,12,21,91,43,71,163,108,55,100,59,124,125,137,56,85,88,14,126,114,117,73,146,103,58,31,46,119,170,136,19,169,101,156,44,10,106,109,47,36,149,64,4,143,62,74,8,41,96,140,162,18,110,54,24,79,68,98,53,164,171,118,147,150,128,148,49,15,40,132,81,127,33,111,161,120,20,9,13,135,60,25,17,11,61,75,89,94,130,39,158,23,80,29,35,37,168,34,3,159,2,69,78,121,107,77,172,167,154,115,99,122,152,165,157,155,112,105,52,116,92,82,51,134
17,156,9,65,45,98,6,4,29,95,56,0,69,42,74,108,31,142,76,123,14,7,37,116,126,49,146,39,38,168,157,135,16,131,94,71,101,80,41,68,122,2,55,153,84,171,149,154,34,141,15,87,102,58,107,114,63,91,19,24,66,144,172,130,137,169,133,89,20,151,86,148,11,128,60,109,113,46,99,100,3,143,160,132,164,158,162,88,104,77,138,139,75,97,21,152,18,47,52,103,145,129,166,51,28,127,33,5,170,92,8,134,12,111,50,93,54,36,121,70,27,23,136,112,118,105,72,73,30,155,53,57,119,78,64,83,59,44,43,120,165,40,96,159,150,147,90,26,10,67,13,22,163,85,1,35,82,106,61,32,48,140,81,117,62,124,167,125,25,110,79,115,161
17,156,9,65,45,98,6,4,29,95,56,0,69,42,74,108,31,142,76,123,14,7,37,116,126,49,146,39,38,168,157,135,16,131,94,71,101,80,41,68,122,2,55,153,84,171,149,154,34,141,15,87,102,58,107,114,63,91,19,24,66,144,172,130,137,169,133,89,20,151,86,148,11,128,60,109,113,46,99,100,3,143,160,132,164,158,162,88,104,77,138,139,75,97,21,152,18,47,52,103,145,129,166,51,28,127,33,5,170,92,8,134,12,111,50,93,54,36,121,70,27,23,136,112,118,105,72,73,30,155,53,57,119,78,64,83,59,44,43,120,165,40,96,159,150,147,90,26,10,67,13,22,163,85,1,35,82,106,61,32,48,140,81,117,62,124,167,125,25,110,79,115,161
160,95,87,1,93,129,48,42,142,70,67,65,5,84,153,32,123,166,63,72,131,16,113,50,104,66,144,97,102,138,139,83,7,38,0,28,30,133,151,22,45,76,141,86,27,26,6,90,57,145,12,21,91,43,71,163,108,55,100,59,124,125,137,56,85,88,14,126,114,117,73,146,103,58,31,46,119,170,136,19,169,101,156,44,10,106,109,47,36,149,64,4,143,62,74,8,41,96,140,162,18,110,54,24,79,68,98,53,164,171,118,147,150,128,148,49,15,40,132,81,127,33,111,161,120,20,9,13,135,60,25,17,11,61,75,89,94,130,39,158,23,80,29,35,37,168,34,3,159,2,69,78,121,107,77,172,167,154,115,99,122,152,165,157,155,112,105,52,116,92,82,51,134
17,156,9,65,45,98,6,4,29,95,56,0,69,42,74,108,31,142,76,123,14,7,37,116,126,49,146,39,38,168,157,135,16,131,94,71,101,80,41,68,122,2,55,153,84,171,149,154,34,141,15,87,102,58,107,114,63,91,19,24,66,144,172,130,137,169,133,89,20,151,86,148,11,128,60,109,113,46,99,100,3,143,160,132,164,158,162,88,104,77,138,139,75,97,21,152,18,47,52,103,145,129,166,51,28,127,33,5,170,92,8,134,12,111,50,93,54,36,121,70,27,23,136,112,118,105,72,73,30,155,53,57,119,78,64,83,59,44,43,120,165,40,96,159,150,147,90,26,10,67,13,22,163,85,1,35,82,106,61,32,48,140,81,117,62,124,167,125,25,110,79,115,161
17,156,9,65,45,98,6,4,29,95,56,0,69,42,74,108,31,142,76,123,14,7,37,116,126,49,146,39,38,168,157,135,16,131,94,71,101,80,41,68,122,2,55,153,84,171,149,154,34,141,15,87,102,58,107,114,63,91,19,24,66,144,172,130,137,169,133,89,20,151,86,148,11,128,60,109,113,46,99,100,3,143,160,132,164,158,162,88,104,77,138,139,75,97,21,152,18,47,52,103,145,129,166,51,28,127,33,5,170,92,8,134,12,111,50,93,54,36,121,70,27,23,136,112,118,105,72,73,30,155,53,57,119,78,64,83,59,44,43,120,165,40,96,159,150,147,90,26,10,67,13,22,163,85,1,35,82,106,61,32,48,140,81,117,62,124,167,125,25,110,79,115,161
160,95,87,1,93,129,48,42,142,70,67,65,5,84,153,32,123,166,63,72,131,16,113,50,104,66,144,97,102,138,139,83,7,38,0,28,30,133,151,22,45,76,141,86,27,26,6,90,57,145,12,21,91,43,71,163,108,55,100,59,124,125,137,56,85,88,14,126,114,117,73,146,103,58,31,46,119,170,136,19,169,101,156,44,10,106,109,47,36,149,64,4,143,62,74,8,41,96,140,162,18,110,54,24,79,68,98,53,164,171,118,147,150,128,148,49,15,40,132,81,127,33,111,161,120,20,9,13,135,60,25,17,11,61,75,89,94,130,39,158,23,80,29,35,37,168,34,3,159,2,69,78,121,107,77,172,167,154,115,99,122,152,165,157,155,112,105,52,116,92,82,51,134
160,95,87,1,93,129,48,42,142,70,67,65,5,84,153,32,123,166,63,72,131,16,113,50,104,66,144,97,102,138,139,83,7,38,0,28,30,133,151,22,45,76,141,86,27,26,6,90,57,145,12,21,91,43,71,163,108,55,100,59,124,125,137,56,85,88,14,126,114,117,73,146,103,58,31,46,119,170,136,19,169,101,156,44,10,106,109,47,36,149,64,4,143,62,74,8,41,96,140,162,18,110,54,24,79,68,98,53,164,171,118,147,150,128,148,49,15,40,132,81,127,33,111,161,120,20,9,13,135,60,25,17,11,61,75,89,94,130,39,158,23,80,29,35,37,168,34,3,159,2,69,78,121,107,77,172,167,154,115,99,122,152,165,157,155,112,105,52,116,92,82,51,134
17,156,9,65,45,98,6,4,29,95,56,0,69,42,74,108,31,142,76,123,14,7,37,116,126,49,146,39,38,168,157,135,16,131,94,71,101,80,41,68,122,2,55,153,84,171,149,154,34,141,15,87,102,58,107,114,63,91,19,24,66,144,172,130,137,169,133,89,20,151,86,148,11,128,60,109,113,46,99,100,3,143,160,132,164,158,162,88,104,77,138,139,75,97,21,152,18,47,52,103,145,129,166,51,28,127,33,5,170,92,8,134,12,111,50,93,54,36,121,70,27,23,136,112,118,105,72,73,30,155,53,57,119,78,64,83,59,44,43,120,165,40,96,159,150,147,90,26,10,67,13,22,163,85,1,35,82,106,61,32,48,140,81,117,62,124,167,125,25,110,79,115,161
160,95,87,1,93,129,48,42,142,70,67,65,5,84,153,32,123,166,63,72,131,16,113,50,104,66,144,97,102,138,139,83,7,38,0,28,30,133,151,22,45,76,141,86,27,26,6,90,57,145,12,21,91,43,71,163,108,55,100,59,124,125,137,56,85,88,14,126,114,117,73,146,103,58,31,46,119,170,136,19,169,101,156,44,10,106,109,47,36,149,64,4,143,62,74,8,41,96,140,162,18,110,54,24,79,68,98,53,164,171,118,147,150,128,148,49,15,40,132,81,127,33,111,161,120,20,9,13,135,60,25,17,11,61,75,89,94,130,39,158,23,80,29,35,37,168,34,3,159,2,69,78,121,107,77,172,167,154,115,99,122,152,165,157,155,112,105,52,116,92,82,51,134
160,95,87,1,93,129,48,42,142,70,67,65,5,84,153,32,123,166,63,72,131,16,113,50,104,66,144,97,102,138,139,83,7,38,0,28,30,133,151,22,45,76,141,86,27,26,6,90,57,145,12,21,91,43,71,163,108,55,100,59,124,125,137,56,85,88,14,126,114,117,73,146,103,58,31,46,119,170,136,19,169,101,156,44,10,106,109,47,36,149,64,4,143,62,74,8,41,96,140,162,18,110,54,24,79,68,98,53,164,171,118,147,150,128,148,49,15,40,132,81,127,33,111,161,120,20,9,13,135,60,25,17,11,61,75,89,94,130,39,158,23,80,29,35,37,168,34,3,159,2,69,78,121,107,77,172,167,154,115,99,122,152,165,157,155,112,105,52,116,92,82,51,134
17,156,9,65,45,98,6,4,29,95,56,0,69,42,74,108,31,142,76,123,14,7,37,116,126,49,146,39,38,168,157,135,16,131,94,71,101,80,41,68,122,2,55,153,84,171,149,154,34,141,15,87,102,58,107,114,63,91,19,24,66,144,172,130,137,169,133,89,20,151,86,148,11,128,60,109,113,46,99,100,3,143,160,132,164,158,162,88,104,77,138,139,75,97,21,152,18,47,52,103,145,129,166,51,28,127,33,5,170,92,8,134,12,111,50,93,54,36,121,70,27,23,136,112,118,105,72,73,30,155,53,57,119,78,64,83,59,44,43,120,165,40,96,159,150,147,90,26,10,67,13,22,163,85,1,35,82,106,61,32,48,140,81,117,62,124,167,125,25,110,79,115,161
17,156,9,65,45,98,6,4,29,95,56,0,69,42,74,108,31,142,76,123,14,7,37,116,126,49,146,39,38,168,157,135,16,131,94,71,101,80,41,68,122,2,55,153,84,171,149,154,34,141,15,87,102,58,107,114,63,91,19,24,66,144,172,130,137,169,133,89,20,151,86,148,11,128,60,109,113,46,99,100,3,143,160,132,164,158,162,88,104,77,138,139,75,97,21,152,18,47,52,103,145,129,166,51,28,127,33,5,170,92,8,134,12,111,50,93,54,36,121,70,27,23,136,112,118,105,72,73,30,155,53,57,119,78,64,83,59,44,43,120,165,40,96,159,150,147,90,26,10,67,13,22,163,85,1,35,82,106,61,32,48,140,81,117,62,124,167,125,25,110,79,115,161
160,95,87,1,93,129,48,42,142,70,67,65,5,84,153,32,123,166,63,72,131,16,113,50,104,66,144,97,102,138,139,83,7,38,0,28,30,133,151,22,45,76,141,86,27,26,6,90,57,145,12,21,91,43,71,163,108,55,100,59,124,125,137,56,85,88,14,126,114,117,73,146,103,58,31,46,119,170,136,19,169,101,156,44,10,106,109,47,36,149,64,4,143,62,74,8,41,96,140,162,18,110,54,24,79,68,98,53,164,171,118,147,150,128,148,49,15,40,132,81,127,33,111,161,120,20,9,13,135,60,25,17,11,61,75,89,94,130,39,158,23,80,29,35,37,168,34,3,159,2,69,78,121,107,77,172,167,154,115,99,122,152,165,157,155,112,105,52,116,92,82,51,134
17,156,9,65,45,98,6,4,29,95,56,0,69,42,74,108,31,142,76,123,14,7,37,116,126,49,146,39,38,168,157,135,16,131,94,71,101,80,41,68,122,2,55,153,84,171,149,154,34,141,15,87,102,58,107,114,63,91,19,24,66,144,172,130,137,169,133,89,20,151,86,148,11,128,60,109,113,46,99,100,3,143,160,132,164,158,162,88,104,77,138,139,75,97,21,152,18,47,52,103,145,129,166,51,28,127,33,5,170,92,8,134,12,111,50,93,54,36,121,70,27,23,136,112,118,105,72,73,30,155,53,57,119,78,64,83,59,44,43,120,165,40,96,159,150,147,90,26,10,67,13,22,163,85,1,35,82,106,61,32,48,140,81,117,62,124,167,125,25,110,79,115,161
17,156,9,65,45,98,6,4,29,95,56,0,69,42,74,108,31,142,76,123,14,7,37,116,126,49,146,39,38,168,157,135,16,131,94,71,101,80,41,68,122,2,55,153,84,171,149,154,34,141,15,87,102,58,107,114,63,91,19,24,66,144,172,130,137,169,133,89,20,151,86,148,11,128,60,109,113,46,99,100,3,143,160,132,164,158,162,88,104,77,138,139,75,97,21,152,18,47,52,103,145,129,166,51,28,127,33,5,170,92,8,134,12,111,50,93,54,36,121,70,27,23,136,112,118,105,72,73,30,155,53,57,119,78,64,83,59,44,43,120,165,40,96,159,150,147,90,26,10,67,13,22,163,85,1,35,82,106,61,32,48,140,81,117,62,124,167,125,25,110,79,115,161
17,156,9,65,45,98,6,4,29,95,56,0,69,42,74,108,31,142,76,123,14,7,37,116,126,49,146,39,38,168,157,135,16,131,94,71,101,80,41,68,122,2,55,153,84,171,149,154,34,141,15,87,102,58,107,114,63,91,19,24,66,144,172,130,137,169,133,89,20,151,86,148,11,128,60,109,113,46,99,100,3,143,160,132,164,158,162,88,104,77,138,139,75,97,21,152,18,47,52,103,145,129,166,51,28,127,33,5,170,92,8,134,12,111,50,93,54,36,121,70,27,23,136,112,118,105,72,73,30,155,53,57,119,78,64,83,59,44,43,120,165,40,96,159,150,147,90,26,10,67,13,22,163,85,1,35,82,106,61,32,48,140,81,117,62,124,167,125,25,110,79,115,161
17,156,9,65,45,98,6,4,29,95,56,0,69,42,74,108,31,142,76,123,14,7,37,116,126,49,146,39,38,168,157,135,16,131,94,71,101,80,41,68,122,2,55,153,84,171,149,154,34,141,15,87,102,58,107,114,63,91,19,24,66,144,172,130,137,169,133,89,20,151,86,148,11,128,60,109,113,46,99,100,3,143,160,132,164,158,162,88,104,77,138,139,75,97,21,152,18,47,52,103,145,129,166,51,28,127,33,5,170,92,8,134,12,111,50,93,54,36,121,70,27,23,136,112,118,105,72,73,30,155,53,57,119,78,64,83,59,44,43,120,165,40,96,159,150,147,90,26,10,67,13,22,163,85,1,35,82,106,61,32,48,140,81,117,62,124,167,125,25,110,79,115,161
160,95,87,1,93,129,48,42,142,70,67,65,5,84,153,32,123,166,63,72,131,16,113,50,104,66,144,97,102,138,139,83,7,38,0,28,30,133,151,22,45,76,141,86,27,26,6,90,57,145,12,21,91,43,71,163,108,55,100,59,124,125,137,56,85,88,14,126,114,117,73,146,103,58,31,46,119,170,136,19,169,101,156,44,10,106,109,47,36,149,64,4,143,62,74,8,41,96,140,162,18,110,54,24,79,68,98,53,164,171,118,147,150,128,148,49,15,40,132,81,127,33,111,161,120,20,9,13,135,60,25,17,11,61,75,89,94,130,39,158,23,80,29,35,37,168,34,3,159,2,69,78,121,107,77,172,167,154,115,99,122,152,165,157,155,112,105,52,116,92,82,51,134
136,67,144,50,104,54,77,81,123,90,111,66,26,172,129,151,170,36,97,80,168,152,125,34,135,55,63,13,68,109,108,150,14,118,100,161,117,61,140,110,16,160,45,30,137,154,59,57,112,141,64,76,60,46,52,21,1,22,43,130,27,94,139,142,12,8,98,157,167,127,120,86,23,114,32,2,73,69,83,85,33,72,143,138,51,82,79,78,93,9,156,107,103,40,48,56,99,25,165,134,147,164,44,53,148,15,19,133,71,5,74,18,171,132,158,70,62,122,17,38,113,131,145,128,3,35,169,10,119,146,153,47,116,4,115,121,20,39,24,84,58,49,126,6,41,96,87,37,106,124,155,105,92,88,101,28,163,89,159,91,11,42,0,95,149,65,162,29,75,31,166,7,102
136,67,144,50,104,54,77,81,123,90,111,66,26,172,129,151,170,36,97,80,168,152,125,34,135,55,63,13,68,109,108,150,14,118,100,161,117,61,140,110,16,160,45,30,137,154,59,57,112,141,64,76,60,46,52,21,1,22,43,130,27,94,139,142,12,8,98,157,167,127,120,86,23,114,32,2,73,69,83,85,33,72,143,138,51,82,79,78,93,9,156,107,103,40,48,56,99,25,165,134,147,164,44,53,148,15,19,133,71,5,74,18,171,132,158,70,62,122,17,38,113,131,145,128,3,35,169,10,119,146,153,47,116,4,115,121,20,39,24,84,58,49,126,6,41,96,87,37,106,124,155,105,92,88,101,28,163,89,159,91,11,42,0,95,149,65,162,29,75,31,166,7,102
17,156,9,65,45,98,6,4,29,95,56,0,69,42,74,108,31,142,76,123,14,7,37,116,126,49,146,39,38,168,157,135,16,131,94,71,101,80,41,68,122,2,55,153,84,171,149,154,34,141,15,87,102,58,107,114,63,91,19,24,66,144,172,130,137,169,133,89,20,151,86,148,11,128,60,109,113,46,99,100,3,143,160,132,164,158,162,88,104,77,138,139,75,97,21,152,18,47,52,103,145,129,166,51,28,127,33,5,170,92,8,134,12,111,50,93,54,36,121,70,27,23,136,112,118,105,72,73,30,155,53,57,119,78,64,83,59,44,43,120,165,40,96,159,150,147,90,26,10,67,13,22,163,85,1,35,82,106,61,32,48,140,81,117,62,124,167,125,25,110,79,115,161
136,67,144,50,104,54,77,81,123,90,111,66,26,172,129,151,170,36,97,80,168,152,125,34,135,55,63,13,68,109,108,150,14,118,100,161,117,61,140,110,16,160,45,30,137,154,59,57,112,141,64,76,60,46,52,21,1,22,43,130,27,94,139,142,12,8,98,157,167,127,120,86,23,114,32,2,73,69,83,85,33,72,143,138,51,82,79,78,93,9,156,107,103,40,48,56,99,25,165,134,147,164,44,53,148,15,19,133,71,5,74,18,171,132,158,70,62,122,17,38,113,131,145,128,3,35,169,10,119,146,153,47,116,4,115,121,20,39,24,84,58,49,126,6,41,96,87,37,106,124,155,105,92,88,101,28,163,89,159,91,11,42,0,95,149,65,162,29,75,31,166,7,102
17,156,9,65,45,98,6,4,29,95,56,0,69,42,74,108,31,142,76,123,14,7,37,116,126,49,146,39,38,168,157,135,16,131,94,71,101,80,41,68,122,2,55,153,84,171,149,154,34,141,15,87,102,58,107,114,63,91,19,24,66,144,172,130,137,169,133,89,20,151,86,148,11,128,60,109,113,46,99,100,3,143,160,132,164,158,162,88,104,77,138,139,75,97,21,152,18,47,52,103,145,129,166,51,28,127,33,5,170,92,8,134,12,111,50,93,54,36,121,70,27,23,136,112,118,105,72,73,30,155,53,57,119,78,64,83,59,44,43,120,165,40,96,159,150,147,90,26,10,67,13,22,163,85,1,35,82,106,61,32,48,140,81,117,62,124,167,125,25,110,79,115,161
136,67,144,50,104,54,77,81,123,90,111,66,26,172,129,151,170,36,97,80,168,152,125,34,135,55,63,13,68,109,108,150,14,118,100,161,117,61,140,110,16,160,45,30,137,154,59,57,112,141,64,76,60,46,52,21,1,22,43,130,27,94,139,142,12,8,98,157,167,127,120,86,23,114,32,2,73,69,83,85,33,72,143,138,51,82,79,78,93,9,156,107,103,40,48,56,99,25,165,134,147,164,44,53,148,15,19,133,71,5,74,18,171,132,158,70,62,122,17,38,113,131,145,128,3,35,169,10,119,146,153,47,116,4,115,121,20,39,24,84,58,49,126,6,41,96,87,37,106,124,155,105,92,88,101,28,163,89,159,91,11,42,0,95,149,65,162,29,75,31,166,7,102
160,95,87,1,93,129,48,42,142,70,67,65,5,84,153,32,123,166,63,72,131,16,113,50,104,66,144,97,102,138,139,83,7,38,0,28,30,133,151,22,45,76,141,86,27,26,6,90,57,145,12,21,91,43,71,163,108,55,100,59,124,125,137,56,85,88,14,126,114,117,73,146,103,58,31,46,119,170,136,19,169,101,156,44,10,106,109,47,36,149,64,4,143,62,74,8,41,96,140,162,18,110,54,24,79,68,98,53,164,171,118,147,150,128,148,49,15,40,132,81,127,33,111,161,120,20,9,13,135,60,25,17,11,61,75,89,94,130,39,158,23,80,29,35,37,168,34,3,159,2,69,78,121,107,77,172,167,154,115,99,122,152,165,157,155,112,105,52,116,92,82,51,134
136,67,144,50,104,54,77,81,123,90,111,66,26,172,129,151,170,36,97,80,168,152,125,34,135,55,63,13,68,109,108,150,14,118,100,161,117,61,140,110,16,160,45,30,137,154,59,57,112,141,64,76,60,46,52,21,1,22,43,130,27,94,139,142,12,8,98,157,167,127,120,86,23,114,32,2,73,69,83,85,33,72,143,138,51,82,79,78,93,9,156,107,103,40,48,56,99,25,165,134,147,164,44,53,148,15,19,133,71,5,74,18,171,132,158,70,62,122,17,38,113,131,145,128,3,35,169,10,119,146,153,47,116,4,115,121,20,39,24,84,58,49,126,6,41,96,87,37,106,124,155,105,92,88,101,28,163,89,159,91,11,42,0,95,149,65,162,29,75,31,166,7,102
136,67,144,50,104,54,77,81,123,90,111,66,26,172,129,151,170,36,97,80,168,152,125,34,135,55,63,13,68,109,108,150,14,118,100,161,117,61,140,110,16,160,45,30,137,154,59,57,112,141,64,76,60,46,52,21,1,22,43,130,27,94,139,142,12,8,98,157,167,127,120,86,23,114,32,2,73,69,83,85,33,72,143,138,51,82,79,78,93,9,156,107,103,40,48,56,99,25,165,134,147,164,44,53,148,15,19,133,71,5,74,18,171,132,158,70,62,122,17,38,113,131,145,128,3,35,169,10,119,146,153,47,116,4,115,121,20,39,24,84,58,49,126,6,41,96,87,37,106,124,155,105,92,88,101,28,163,89,159,91,11,42,0,95,149,65,162,29,75,31,166,7,102
136,67,144,50,104,54,77,81,123,90,111,66,26,172,129,151,170,36,97,80,168,152,125,34,135,55,63,13,68,109,108,150,14,118,100,161,117,61,140,110,16,160,45,30,137,154,59,57,112,141,64,76,60,46,52,21,1,22,43,130,27,94,139,142,12,8,98,157,167,127,120,86,23,114,32,2,73,69,83,85,33,72,143,138,51,82,79,78,93,9,156,107,103,40,48,56,99,25,165,134,147,164,44,53,148,15,19,133,71,5,74,18,171,132,158,70,62,122,17,38,113,131,145,128,3,35,169,10,119,146,153,47,116,4,115,121,20,39,24,84,58,49,126,6,41,96,87,37,106,124,155,105,92,88,101,28,163,89,159,91,11,42,0,95,149,65,162,29,75,31,166,7,102
136,67,144,50,104,54,77,81,123,90,111,66,26,172,129,151,170,36,97,80,168,152,125,34,135,55,63,13,68,109,108,150,14,118,100,161,117,61,140,110,16,160,45,30,137,154,59,57,112,141,64,76,60,46,52,21,1,22,43,130,27,94,139,142,12,8,98,157,167,127,120,86,23,114,32,2,73,69,83,85,33,72,143,138,51,82,79,78,93,9,156,107,103,40,48,56,99,25,165,134,147,164,44,53,148,15,19,133,71,5,74,18,171,132,158,70,62,122,17,38,113,131,145,128,3,35,169,10,119,146,153,47,116,4,115,121,20,39,24,84,58,49,126,6,41,96,87,37,106,124,155,105,92,88,101,28,163,89,159,91,11,42,0,95,149,65,162,29,75,31,166,7,102
160,95,87,1,93,129,48,42,142,70,67,65,5,84,153,32,123,166,63,72,131,16,113,50,104,66,144,97,102,138,139,83,7,38,0,28,30,133,151,22,45,76,141,86,27,26,6,90,57,145,12,21,91,43,71,163,108,55,100,59,124,125,137,56,85,88,14,126,114,117,73,146,103,58,31,46,119,170,136,19,169,101,156,44,10,106,109,47,36,149,64,4,143,62,74,8,41,96,140,162,18,110,54,24,79,68,98,53,164,171,118,147,150,128,148,49,15,40,132,81,127,33,111,161,120,20,9,13,135,60,25,17,11,61,75,89,94,130,39,158,23,80,29,35,37,168,34,3,159,2,69,78,121,107,77,172,167,154,115,99,122,152,165,157,155,112,105,52,116,92,82,51,134
136,67,144,50,104,54,77,81,123,90,111,66,26,172,129,151,170,36,97,80,168,152,125,34,135,55,63,13,68,109,108,150,14,118,100,161,117,61,140,110,16,160,45,30,137,154,59,57,112,141,64,76,60,46,52,21,1,22,43,130,27,94,139,142,12,8,98,157,167,127,120,86,23,114,32,2,73,69,83,85,33,72,143,138,51,82,79,78,93,9,156,107,103,40,48,56,99,25,165,134,147,164,44,53,148,15,19,133,71,5,74,18,171,132,158,70,62,122,17,38,113,131,145,128,3,35,169,10,119,146,153,47,116,4,115,121,20,39,24,84,58,49,126,6,41,96,87,37,106,124,155,105,92,88,101,28,163,89,159,91,11,42,0,95,149,65,162,29,75,31,166,7,102
160,95,87,1,93,129,48,42,142,70,67,65,5,84,153,32,123,166,63,72,131,16,113,50,104,66,144,97,102,138,139,83,7,38,0,28,30,133,151,22,45,76,141,86,27,26,6,90,57,145,12,21,91,43,71,163,108,55,100,59,124,125,137,56,85,88,14,126,114,117,73,146,103,58,31,46,119,170,136,19,169,101,156,44,10,106,109,47,36,149,64,4,143,62,74,8,41,96,140,162,18,110,54,24,79,68,98,53,164,171,118,147,150,128,148,49,15,40,132,81,127,33,111,161,120,20,9,13,135,60,25,17,11,61,75,89,94,130,39,158,23,80,29,35,37,168,34,3,159,2,69,78,121,107,77,172,167,154,115,99,122,152,165,157,155,112,105,52,116,92,82,51,134
136,67,144,50,104,54,77,81,123,90,111,66,26,172,129,151,170,36,97,80,168,152,125,34,135,55,63,13,68,109,108,150,14,118,100,161,117,61,140,110,16,160,45,30,137,154,59,57,112,141,64,76,60,46,52,21,1,22,43,130,27,94,139,142,12,8,98,157,167,127,120,86,23,114,32,2,73,69,83,85,33,72,143,138,51,82,79,78,93,9,156,107,103,40,48,56,99,25,165,134,147,164,44,53,148,15,19,133,71,5,74,18,171,132,158,70,62,122,17,38,113,131,145,128,3,35,169,10,119,146,153,47,116,4,115,121,20,39,24,84,58,49,126,6,41,96,87,37,106,124,155,105,92,88,101,28,163,89,159,91,11,42,0,95,149,65,162,29,75,31,166,7,102
136,67,144,50,104,54,77,81,123,90,111,66,26,172,129,151,170,36,97,80,168,152,125,34,135,55,63,13,68,109,108,150,14,118,100,161,117,61,140,110,16,160,45,30,137,154,59,57,112,141,64,76,60,46,52,21,1,22,43,130,27,94,139,142,12,8,98,157,167,127,120,86,23,114,32,2,73,69,83,85,33,72,143,138,51,82,79,78,93,9,156,107,103,40,48,56,99,25,165,134,147,164,44,53,148,15,19,133,71,5,74,18,171,132,158,70,62,122,17,38,113,131,145,128,3,35,169,10,119,146,153,47,116,4,115,121,20,39,24,84,58,49,126,6,41,96,87,37,106,124,155,105,92,88,101,28,163,89,159,91,11,42,0,95,149,65,162,29,75,31,166,7,102
160,95,87,1,93,129,48,42,142,70,67,65,5,84,153,32,123,166,63,72,131,16,113,50,104,66,144,97,102,138,139,83,7,38,0,28,30,133,151,22,45,76,141,86,27,26,6,90,57,145,12,21,91,43,71,163,108,55,100,59,124,125,137,56,85,88,14,126,114,117,73,146,103,58,31,46,119,170,136,19,169,101,156,44,10,106,109,47,36,149,64,4,143,62,74,8,41,96,140,162,18,110,54,24,79,68,98,53,164,171,118,147,150,128,148,49,15,40,132,81,127,33,111,161,120,20,9,13,135,60,25,17,11,61,75,89,94,130,39,158,23,80,29,35,37,168,34,3,159,2,69,78,121,107,77,172,167,154,115,99,122,152,165,157,155,112,105,52,116,92,82,51,134
136,67,144,50,104,54,77,81,123,90,111,66,26,172,129,151,170,36,97,80,168,152,125,34,135,55,63,13,68,109,108,150,14,118,100,161,117,61,140,110,16,160,45,30,137,154,59,57,112,141,64,76,60,46,52,21,1,22,43,130,27,94,139,142,12,8,98,157,167,127,120,86,23,114,32,2,73,69,83,85,33,72,143,138,51,82,79,78,93,9,156,107,103,40,48,56,99,25,165,134,147,164,44,53,148,15,19,133,71,5,74,18,171,132,158,70,62,122,17,38,113,131,145,128,3,35,169,10,119,146,153,47,116,4,115,121,20,39,24,84,58,49,126,6,41,96,87,37,106,124,155,105,92,88,101,28,163,89,159,91,11,42,0,95,149,65,162,29,75,31,166,7,102
17,156,9,65,45,98,6,4,29,95,56,0,69,42,74,108,31,142,76,123,14,7,37,116,126,49,146,39,38,168,157,135,16,131,94,71,101,80,41,68,122,2,55,153,84,171,149,154,34,141,15,87,102,58,107,114,63,91,19,24,66,144,172,130,137,169,133,89,20,151,86,148,11,128,60,109,113,46,99,100,3,143,160,132,164,158,162,88,104,77,138,139,75,97,21,152,18,47,52,103,145,129,166,51,28,127,33,5,170,92,8,134,12,111,50,93,54,36,121,70,27,23,136,112,118,105,72,73,30,155,53,57,119,78,64,83,59,44,43,120,165,40,96,159,150,147,90,26,10,67,13,22,163,85,1,35,82,106,61,32,48,140,81,117,62,124,167,125,25,110,79,115,161
160,95,87,1,93,129,48,42,142,70,67,65,5,84,153,32,123,166,63,72,131,16,113,50,104,66,144,97,102,138,139,83,7,38,0,28,30,133,151,22,45,76,141,86,27,26,6,90,57,145,12,21,91,43,71,163,108,55,100,59,124,125,137,56,85,88,14,126,114,117,73,146,103,58,31,46,119,170,136,19,169,101,156,44,10,106,109,47,36,149,64,4,143,62,74,8,41,96,140,162,18,110,54,24,79,68,98,53,164,171,118,147,150,128,148,49,15,40,132,81,127,33,111,161,120,20,9,13,135,60,25,17,11,61,75,89,94,130,39,158,23,80,29,35,37,168,34,3,159,2,69,78,121,107,77,172,167,154,115,99,122,152,165,157,155,112,105,52,116,92,82,51,134
136,67,144,50,104,54,77,81,123,90,111,66,26,172,129,151,170,36,97,80,168,152,125,34,135,55,63,13,68,109,108,150,14,118,100,161,117,61,140,110,16,160,45,30,137,154,59,57,112,141,64,76,60,46,52,21,1,22,43,130,27,94,139,142,12,8,98,157,167,127,120,86,23,114,32,2,73,69,83,85,33,72,143,138,51,82,79,78,93,9,156,107,103,40,48,56,99,25,165,134,147,164,44,53,148,15,19,133,71,5,74,18,171,132,158,70,62,122,17,38,113,131,145,128,3,35,169,10,119,146,153,47,116,4,115,121,20,39,24,84,58,49,126,6,41,96,87,37,106,124,155,105,92,88,101,28,163,89,159,91,11,42,0,95,149,65,162,29,75,31,166,7,102
136,67,144,50,104,54,77,81,123,90,111,66,26,172,129,151,170,36,97,80,168,152,125,34,135,55,63,13,68,109,108,150,14,118,100,161,117,61,140,110,16,160,45,30,137,154,59,57,112,141,64,76,60,46,52,21,1,22,43,130,27,94,139,142,12,8,98,157,167,127,120,86,23,114,32,2,73,69,83,85,33,72,143,138,51,82,79,78,93,9,156,107,103,40,48,56,99,25,165,134,147,164,44,53,148,15,19,133,71,5,74,18,171,132,158,70,62,122,17,38,113,131,145,128,3,35,169,10,119,146,153,47,116,4,115,121,20,39,24,84,58,49,126,6,41,96,87,37,106,124,155,105,92,88,101,28,163,89,159,91,11,42,0,95,149,65,162,29,75,31,166,7,102
160,95,87,1,93,129,48,42,142,70,67,65,5,84,153,32,123,166,63,72,131,16,113,50,104,66,144,97,102,138,139,83,7,38,0,28,30,133,151,22,45,76,141,86,27,26,6,90,57,145,12,21,91,43,71,163,108,55,100,59,124,125,137,56,85,88,14,126,114,117,73,146,103,58,31,46,119,170,136,19,169,101,156,44,10,106,109,47,36,149,64,4,143,62,74,8,41,96,140,162,18,110,54,24,79,68,98,53,164,171,118,147,150,128,148,49,15,40,132,81,127,33,111,161,120,20,9,13,135,60,25,17,11,61,75,89,94,130,39,158,23,80,29,35,37,168,34,3,159,2,69,78,121,107,77,172,167,154,115,99,122,152,165,157,155,112,105,52,116,92,82,51,134
160,95,87,1,93,129,48,42,142,70,67,65,5,84,153,32,123,166,63,72,131,16,113,50,104,66,144,97,102,138,139,83,7,38,0,28,30,133,151,22,45,76,141,86,27,26,6,90,57,145,12,21,91,43,71,163,108,55,100,59,124,125,137,56,85,88,14,126,114,117,73,146,103,58,31,46,119,170,136,19,169,101,156,44,10,106,109,47,36,149,64,4,143,62,74,8,41,96,140,162,18,110,54,24,79,68,98,53,164,171,118,147,150,128,148,49,15,40,132,81,127,33,111,161,120,20,9,13,135,60,25,17,11,61,75,89,94,130,39,158,23,80,29,35,37,168,34,3,159,2,69,78,121,107,77,172,167,154,115,99,122,152,165,157,155,112,105,52,116,92,82,51,134
17,156,9,65,45,98,6,4,29,95,56,0,69,42,74,108,31,142,76,123,14,7,37,116,126,49,146,39,38,168,157,135,16,131,94,71,101,80,41,68,122,2,55,153,84,171,149,154,34,141,15,87,102,58,107,114,63,91,19,24,66,144,172,130,137,169,133,89,20,151,86,148,11,128,60,109,113,46,99,100,3,143,160,132,164,158,162,88,104,77,138,139,75,97,21,152,18,47,52,103,145,129,166,51,28,127,33,5,170,92,8,134,12,111,50,93,54,36,121,70,27,23,136,112,118,105,72,73,30,155,53,57,119,78,64,83,59,44,43,120,165,40,96,159,150,147,90,26,10,67,13,22,163,85,1,35,82,106,61,32,48,140,81,117,62,124,167,125,25,110,79,115,161
136,67,144,50,104,54,77,81,123,90,111,66,26,172,129,151,170,36,97,80,168,152,125,34,135,55,63,13,68,109,108,150,14,118,100,161,117,61,140,110,16,160,45,30,137,154,59,57,112,141,64,76,60,46,52,21,1,22,43,130,27,94,139,142,12,8,98,157,167,127,120,86,23,114,32,2,73,69,83,85,33,72,143,138,51,82,79,78,93,9,156,107,103,40,48,56,99,25,165,134,147,164,44,53,148,15,19,133,71,5,74,18,171,132,158,70,62,122,17,38,113,131,145,128,3,35,169,10,119,146,153,47,116,4,115,121,20,39,24,84,58,49,126,6,41,96,87,37,106,124,155,105,92,88,101,28,163,89,159,91,11,42,0,95,149,65,162,29,75,31,166,7,102
136,67,144,50,104,54,77,81,123,90,111,66,26,172,129,151,170,36,97,80,168,152,125,34,135,55,63,13,68,109,108,150,14,118,100,161,117,61,140,110,16,160,45,30,137,154,59,57,112,141,64,76,60,46,52,21,1,22,43,130,27,94,139,142,12,8,98,157,167,127,120,86,23,114,32,2,73,69,83,85,33,72,143,138,51,82,79,78,93,9,156,107,103,40,48,56,99,25,165,134,147,164,44,53,148,15,19,133,71,5,74,18,171,132,158,70,62,122,17,38,113,131,145,128,3,35,169,10,119,146,153,47,116,4,115,121,20,39,24,84,58,49,126,6,41,96,87,37,106,124,155,105,92,88,101,28,163,89,159,91,11,42,0,95,149,65,162,29,75,31,166,7,102
17,156,9,65,45,98,6,4,29,95,56,0,69,42,74,108,31,142,76,123,14,7,37,116,126,49,146,39,38,168,157,135,16,131,94,71,101,80,41,68,122,2,55,153,84,171,149,154,34,141,15,87,102,58,107,114,63,91,19,24,66,144,172,130,137,169,133,89,20,151,86,148,11,128,60,109,113,46,99,100,3,143,160,132,164,158,162,88,104,77,138,139,75,97,21,152,18,47,52,103,145,129,166,51,28,127,33,5,170,92,8,134,12,111,50,93,54,36,121,70,27,23,136,112,118,105,72,73,30,155,53,57,119,78,64,83,59,44,43,120,165,40,96,159,150,147,90,26,10,67,13,22,163,85,1,35,82,106,61,32,48,140,81,117,62,124,167,125,25,110,79,115,161
17,156,9,65,45,98,6,4,29,95,56,0,69,42,74,108,31,142,76,123,14,7,37,116,126,49,146,39,38,168,157,135,16,131,94,71,101,80,41,68,122,2,55,153,84,171,149,154,34,141,15,87,102,58,107,114,63,91,19,24,66,144,172,130,137,169,133,89,20,151,86,148,11,128,60,109,113,46,99,100,3,143,160,132,164,158,162,88,104,77,138,139,75,97,21,152,18,47,52,103,145,129,166,51,28,127,33,5,170,92,8,134,12,111,50,93,54,36,121,70,27,23,136,112,118,105,72,73,30,155,53,57,119,78,64,83,59,44,43,120,165,40,96,159,150,147,90,26,10,67,13,22,163,85,1,35,82,106,61,32,48,140,81,117,62,124,167,125,25,110,79,115,161
160,95,87,1,93,129,48,42,142,70,67,65,5,84,153,32,123,166,63,72,131,16,113,50,104,66,144,97,102,138,139,83,7,38,0,28,30,133,151,22,45,76,141,86,27,26,6,90,57,145,12,21,91,43,71,163,108,55,100,59,124,125,137,56,85,88,14,126,114,117,73,146,103,58,31,46,119,170,136,19,169,101,156,44,10,106,109,47,36,149,64,4,143,62,74,8,41,96,140,162,18,110,54,24,79,68,98,53,164,171,118,147,150,128,148,49,15,40,132,81,127,33,111,161,120,20,9,13,135,60,25,17,11,61,75,89,94,130,39,158,23,80,29,35,37,168,34,3,159,2,69,78,121,107,77,172,167,154,115,99,122,152,165,157,155,112,105,52,116,92,82,51,134
160,95,87,1,93,129,48,42,142,70,67,65,5,84,153,32,123,166,63,72,131,16,113,50,104,66,144,97,102,138,139,83,7,38,0,28,30,133,151,22,45,76,141,86,27,26,6,90,57,145,12,21,91,43,71,163,108,55,100,59,124,125,137,56,85,88,14,126,114,117,73,146,103,58,31,46,119,170,136,19,169,101,156,44,10,106,109,47,36,149,64,4,143,62,74,8,41,96,140,162,18,110,54,24,79,68,98,53,164,171,118,147,150,128,148,49,15,40,132,81,127,33,111,161,120,20,9,13,135,60,25,17,11,61,75,89,94,130,39,158,23,80,29,35,37,168,34,3,159,2,69,78,121,107,77,172,167,154,115,99,122,152,165,157,155,112,105,52,116,92,82,51,134
17,156,9,65,45,98,6,4,29,95,56,0,69,42,74,108,31,142,76,123,14,7,37,116,126,49,146,39,38,168,157,135,16,131,94,71,101,80,41,68,122,2,55,153,84,171,149,154,34,141,15,87,102,58,107,114,63,91,19,24,66,144,172,130,137,169,133,89,20,151,86,148,11,128,60,109,113,46,99,100,3,143,160,132,164,158,162,88,104,77,138,139,75,97,21,152,18,47,52,103,145,129,166,51,28,127,33,5,170,92,8,134,12,111,50,93,54,36,121,70,27,23,136,112,118,105,72,73,30,155,53,57,119,78,64,83,59,44,43,120,165,40,96,159,150,147,90,26,10,67,13,22,163,85,1,35,82,106,61,32,48,140,81,117,62,124,167,125,25,110,79,115,161
160,95,87,1,93,129,48,42,142,70,67,65,5,84,153,32,123,166,63,72,131,16,113,50,104,66,144,97,102,138,139,83,7,38,0,28,30,133,151,22,45,76,141,86,27,26,6,90,57,145,12,21,91,43,71,163,108,55,100,59,124,125,137,56,85,88,14,126,114,117,73,146,103,58,31,46,119,170,136,19,169,101,156,44,10,106,109,47,36,149,64,4,143,62,74,8,41,96,140,162,18,110,54,24,79,68,98,53,164,171,118,147,150,128,148,49,15,40,132,81,127,33,111,161,120,20,9,13,135,60,25,17,11,61,75,89,94,130,39,158,23,80,29,35,37,168,34,3,159,2,69,78,121,107,77,172,167,154,115,99,122,152,165,157,155,112,105,52,116,92,82,51,134
160,95,87,1,93,129,48,42,142,70,67,65,5,84,153,32,123,166,63,72,131,16,113,50,104,66,144,97,102,138,139,83,7,38,0,28,30,133,151,22,45,76,141,86,27,26,6,90,57,145,12,21,91,43,71,163,108,55,100,59,124,125,137,56,85,88,14,126,114,117,73,146,103,58,31,46,119,170,136,19,169,101,156,44,10,106,109,47,36,149,64,4,143,62,74,8,41,96,140,162,18,110,54,24,79,68,98,53,164,171,118,147,150,128,148,49,15,40,132,81,127,33,111,161,120,20,9,13,135,60,25,17,11,61,75,89,94,130,39,158,23,80,29,35,37,168,34,3,159,2,69,78,121,107,77,172,167,154,115,99,122,152,165,157,155,112,105,52,116,92,82,51,134
136,67,144,50,104,54,77,81,123,90,111,66,26,172,129,151,170,36,97,80,168,152,125,34,135,55,63,13,68,109,108,150,14,118,100,161,117,61,140,110,16,160,45,30,137,154,59,57,112,141,64,76,60,46,52,21,1,22,43,130,27,94,139,142,12,8,98,157,167,127,120,86,23,114,32,2,73,69,83,85,33,72,143,138,51,82,79,78,93,9,156,107,103,40,48,56,99,25,165,134,147,164,44,53,148,15,19,133,71,5,74,18,171,132,158,70,62,122,17,38,113,131,145,128,3,35,169,10,119,146,153,47,116,4,115,121,20,39,24,84,58,49,126,6,41,96,87,37,106,124,155,105,92,88,101,28,163,89,159,91,11,42,0,95,149,65,162,29,75,31,166,7,102
136,67,144,50,104,54,77,81,123,90,111,66,26,172,129,151,170,36,97,80,168,152,125,34,135,55,63,13,68,109,108,150,14,118,100,161,117,61,140,110,16,160,45,30,137,154,59,57,112,141,64,76,60,46,52,21,1,22,43,130,27,94,139,142,12,8,98,157,167,127,120,86,23,114,32,2,73,69,83,85,33,72,143,138,51,82,79,78,93,9,156,107,103,40,48,56,99,25,165,134,147,164,44,53,148,15,19,133,71,5,74,18,171,132,158,70,62,122,17,38,113,131,145,128,3,35,169,10,119,146,153,47,116,4,115,121,20,39,24,84,58,49,126,6,41,96,87,37,106,124,155,105,92,88,101,28,163,89,159,91,11,42,0,95,149,65,162,29,75,31,166,7,102
160,95,87,1,93,129,48,42,142,70,67,65,5,84,153,32,123,166,63,72,131,16,113,50,104,66,144,97,102,138,139,83,7,38,0,28,30,133,151,22,45,76,141,86,27,26,6,90,57,145,12,21,91,43,71,163,108,55,100,59,124,125,137,56,85,88,14,126,114,117,73,146,103,58,31,46,119,170,136,19,169,101,156,44,10,106,109,47,36,149,64,4,143,62,74,8,41,96,140,162,18,110,54,24,79,68,98,53,164,171,118,147,150,128,148,49,15,40,132,81,127,33,111,161,120,20,9,13,135,60,25,17,11,61,75,89,94,130,39,158,23,80,29,35,37,168,34,3,159,2,69,78,121,107,77,172,167,154,115,99,122,152,165,157,155,112,105,52,116,92,82,51,134
17,156,9,65,45,98,6,4,29,95,56,0,69,42,74,108,31,142,76,123,14,7,37,116,126,49,146,39,38,168,157,135,16,131,94,71,101,80,41,68,122,2,55,153,84,171,149,154,34,141,15,87,102,58,107,114,63,91,19,24,66,144,172,130,137,169,133,89,20,151,86,148,11,128,60,109,113,46,99,100,3,143,160,132,164,158,162,88,104,77,138,139,75,97,21,152,18,47,52,103,145,129,166,51,28,127,33,5,170,92,8,134,12,111,50,93,54,36,121,70,27,23,136,112,118,105,72,73,30,155,53,57,119,78,64,83,59,44,43,120,165,40,96,159,150,147,90,26,10,67,13,22,163,85,1,35,82,106,61,32,48,140,81,117,62,124,167,125,25,110,79,115,161
17,156,9,65,45,98,6,4,29,95,56,0,69,42,74,108,31,142,76,123,14,7,37,116,126,49,146,39,38,168,157,135,16,131,94,71,101,80,41,68,122,2,55,153,84,171,149,154,34,141,15,87,102,58,107,114,63,91,19,24,66,144,172,130,137,169,133,89,20,151,86,148,11,128,60,109,113,46,99,100,3,143,160,132,164,158,162,88,104,77,138,139,75,97,21,152,18,47,52,103,145,129,166,51,28,127,33,5,170,92,8,134,12,111,50,93,54,36,121,70,27,23,136,112,118,105,72,73,30,155,53,57,119,78,64,83,59,44,43,120,165,40,96,159,150,147,90,26,10,67,13,22,163,85,1,35,82,106,61,32,48,140,81,117,62,124,167,125,25,110,79,115,161
17,156,9,65,45,98,6,4,29,95,56,0,69,42,74,108,31,142,76,123,14,7,37,116,126,49,146,39,38,168,157,135,16,131,94,71,101,80,41,68,122,2,55,153,84,171,149,154,34,141,15,87,102,58,107,114,63,91,19,24,66,144,172,130,137,169,133,89,20,151,86,148,11,128,60,109,113,46,99,100,3,143,160,132,164,158,162,88,104,77,138,139,75,97,21,152,18,47,52,103,145,129,166,51,28,127,33,5,170,92,8,134,12,111,50,93,54,36,121,70,27,23,136,112,118,105,72,73,30,155,53,57,119,78,64,83,59,44,43,120,165,40,96,159,150,147,90,26,10,67,13,22,163,85,1,35,82,106,61,32,48,140,81,117,62,124,167,125,25,110,79,115,161
160,95,87,1,93,129,48,42,142,70,67,65,5,84,153,32,123,166,63,72,131,16,113,50,104,66,144,97,102,138,139,83,7,38,0,28,30,133,151,22,45,76,141,86,27,26,6,90,57,145,12,21,91,43,71,163,108,55,100,59,124,125,137,56,85,88,14,126,114,117,73,146,103,58,31,46,119,170,136,19,169,101,156,44,10,106,109,47,36,149,64,4,143,62,74,8,41,96,140,162,18,110,54,24,79,68,98,53,164,171,118,147,150,128,148,49,15,40,132,81,127,33,111,161,120,20,9,13,135,60,25,17,11,61,75,89,94,130,39,158,23,80,29,35,37,168,34,3,159,2,69,78,121,107,77,172,167,154,115,99,122,152,165,157,155,112,105,52,116,92,82,51,134
160,95,87,1,93,129,48,42,142,70,67,65,5,84,153,32,123,166,63,72,131,16,113,50,104,66,144,97,102,138,139,83,7,38,0,28,30,133,151,22,45,76,141,86,27,26,6,90,57,145,12,21,91,43,71,163,108,55,100,59,124,125,137,56,85,88,14,126,114,117,73,146,103,58,31,46,119,170,136,19,169,101,156,44,10,106,109,47,36,149,64,4,143,62,74,8,41,96,140,162,18,110,54,24,79,68,98,53,164,171,118,147,150,128,148,49,15,40,132,81,127,33,111,161,120,20,9,13,135,60,25,17,11,61,75,89,94,130,39,158,23,80,29,35,37,168,34,3,159,2,69,78,121,107,77,172,167,154,115,99,122,152,165,157,155,112,105,52,116,92,82,51,134
136,67,144,50,104,54,77,81,123,90,111,66,26,172,129,151,170,36,97,80,168,152,125,34,135,55,63,13,68,109,108,150,14,118,100,161,117,61,140,110,16,160,45,30,137,154,59,57,112,141,64,76,60,46,52,21,1,22,43,130,27,94,139,142,12,8,98,157,167,127,120,86,23,114,32,2,73,69,83,85,33,72,143,138,51,82,79,78,93,9,156,107,103,40,48,56,99,25,165,134,147,164,44,53,148,15,19,133,71,5,74,18,171,132,158,70,62,122,17,38,113,131,145,128,3,35,169,10,119,146,153,47,116,4,115,121,20,39,24,84,58,49,126,6,41,96,87,37,106,124,155,105,92,88,101,28,163,89,159,91,11,42,0,95,149,65,162,29,75,31,166,7,102
160,95,87,1,93,129,48,42,142,70,67,65,5,84,153,32,123,166,63,72,131,16,113,50,104,66,144,97,102,138,139,83,7,38,0,28,30,133,151,22,45,76,141,86,27,26,6,90,57,145,12,21,91,43,71,163,108,55,100,59,124,125,137,56,85,88,14,126,114,117,73,146,103,58,31,46,119,170,136,19,169,101,156,44,10,106,109,47,36,149,64,4,143,62,74,8,41,96,140,162,18,110,54,24,79,68,98,53,164,171,118,147,150,128,148,49,15,40,132,81,127,33,111,161,120,20,9,13,135,60,25,17,11,61,75,89,94,130,39,158,23,80,29,35,37,168,34,3,159,2,69,78,121,107,77,172,167,154,115,99,122,152,165,157,155,112,105,52,116,92,82,51,134
136,67,144,50,104,54,77,81,123,90,111,66,26,172,129,151,170,36,97,80,168,152,125,34,135,55,63,13,68,109,108,150,14,118,100,161,117,61,140,110,16,160,45,30,137,154,59,57,112,141,64,76,60,46,52,21,1,22,43,130,27,94,139,142,12,8,98,157,167,127,120,86,23,114,32,2,73,69,83,85,33,72,143,138,51,82,79,78,93,9,156,107,103,40,48,56,99,25,165,134,147,164,44,53,148,15,19,133,71,5,74,18,171,132,158,70,62,122,17,38,113,131,145,128,3,35,169,10,119,146,153,47,116,4,115,121,20,39,24,84,58,49,126,6,41,96,87,37,106,124,155,105,92,88,101,28,163,89,159,91,11,42,0,95,149,65,162,29,75,31,166,7,102
136,67,144,50,104,54,77,81,123,90,111,66,26,172,129,151,170,36,97,80,168,152,125,34,135,55,63,13,68,109,108,150,14,118,100,161,117,61,140,110,16,160,45,30,137,154,59,57,112,141,64,76,60,46,52,21,1,22,43,130,27,94,139,142,12,8,98,157,167,127,120,86,23,114,32,2,73,69,83,85,33,72,143,138,51,82,79,78,93,9,156,107,103,40,48,56,99,25,165,134,147,164,44,53,148,15,19,133,71,5,74,18,171,132,158,70,62,122,17,38,113,131,145,128,3,35,169,10,119,146,153,47,116,4,115,121,20,39,24,84,58,49,126,6,41,96,87,37,106,124,155,105,92,88,101,28,163,89,159,91,11,42,0,95,149,65,162,29,75,31,166,7,102
160,95,87,1,93,129,48,42,142,70,67,65,5,84,153,32,123,166,63,72,131,16,113,50,104,66,144,97,102,138,139,83,7,38,0,28,30,133,151,22,45,76,141,86,27,26,6,90,57,145,12,21,91,43,71,163,108,55,100,59,124,125,137,56,85,88,14,126,114,117,73,146,103,58,31,46,119,170,136,19,169,101,156,44,10,106,109,47,36,149,64,4,143,62,74,8,41,96,140,162,18,110,54,24,79,68,98,53,164,171,118,147,150,128,148,49,15,40,132,81,127,33,111,161,120,20,9,13,135,60,25,17,11,61,75,89,94,130,39,158,23,80,29,35,37,168,34,3,159,2,69,78,121,107,77,172,167,154,115,99,122,152,165,157,155,112,105,52,116,92,82,51,134
17,156,9,65,45,98,6,4,29,95,56,0,69,42,74,108,31,142,76,123,14,7,37,116,126,49,146,39,38,168,157,135,16,131,94,71,101,80,41,68,122,2,55,153,84,171,149,154,34,141,15,87,102,58,107,114,63,91,19,24,66,144,172,130,137,169,133,89,20,151,86,148,11,128,60,109,113,46,99,100,3,143,160,132,164,158,162,88,104,77,138,139,75,97,21,152,18,47,52,103,145,129,166,51,28,127,33,5,170,92,8,134,12,111,50,93,54,36,121,70,27,23,136,112,118,105,72,73,30,155,53,57,119,78,64,83,59,44,43,120,165,40,96,159,150,147,90,26,10,67,13,22,163,85,1,35,82,106,61,32,48,140,81,117,62,124,167,125,25,110,79,115,161
136,67,144,50,104,54,77,81,123,90,111,66,26,172,129,151,170,36,97,80,168,152,125,34,135,55,63,13,68,109,108,150,14,118,100,161,117,61,140,110,16,160,45,30,137,154,59,57,112,141,64,76,60,46,52,21,1,22,43,130,27,94,139,142,12,8,98,157,167,127,120,86,23,114,32,2,73,69,83,85,33,72,143,138,51,82,79,78,93,9,156,107,103,40,48,56,99,25,165,134,147,164,44,53,148,15,19,133,71,5,74,18,171,132,158,70,62,122,17,38,113,131,145,128,3,35,169,10,119,146,153,47,116,4,115,121,20,39,24,84,58,49,126,6,41,96,87,37,106,124,155,105,92,88,101,28,163,89,159,91,11,42,0,95,149,65,162,29,75,31,166,7,102
136,67,144,50,104,54,77,81,123,90,111,66,26,172,129,151,170,36,97,80,168,152,125,34,135,55,63,13,68,109,108,150,14,118,100,161,117,61,140,110,16,160,45,30,137,154,59,57,112,141,64,76,60,46,52,21,1,22,43,130,27,94,139,142,12,8,98,157,167,127,120,86,23,114,32,2,73,69,83,85,33,72,143,138,51,82,79,78,93,9,156,107,103,40,48,56,99,25,165,134,147,164,44,53,148,15,19,133,71,5,74,18,171,132,158,70,62,122,17,38,113,131,145,128,3,35,169,10,119,146,153,47,116,4,115,121,20,39,24,84,58,49,126,6,41,96,87,37,106,124,155,105,92,88,101,28,163,89,159,91,11,42,0,95,149,65,162,29,75,31,166,7,102
17,156,9,65,45,98,6,4,29,95,56,0,69,42,74,108,31,142,76,123,14,7,37,116,126,49,146,39,38,168,157,135,16,131,94,71,101,80,41,68,122,2,55,153,84,171,149,154,34,141,15,87,102,58,107,114,63,91,19,24,66,144,172,130,137,169,133,89,20,151,86,148,11,128,60,109,113,46,99,100,3,143,160,132,164,158,162,88,104,77,138,139,75,97,21,152,18,47,52,103,145,129,166,51,28,127,33,5,170,92,8,134,12,111,50,93,54,36,121,70,27,23,136,112,118,105,72,73,30,155,53,57,119,78,64,83,59,44,43,120,165,40,96,159,150,147,90,26,10,67,13,22,163,85,1,35,82,106,61,32,48,140,81,117,62,124,167,125,25,110,79,115,161
17,156,9,65,45,98,6,4,29,95,56,0,69,42,74,108,31,142,76,123,14,7,37,116,126,49,146,39,38,168,157,135,16,131,94,71,101,80,41,68,122,2,55,153,84,171,149,154,34,141,15,87,102,58,107,114,63,91,19,24,66,144,172,130,137,169,133,89,20,151,86,148,11,128,60,109,113,46,99,100,3,143,160,132,164,158,162,88,104,77,138,139,75,97,21,152,18,47,52,103,145,129,166,51,28,127,33,5,170,92,8,134,12,111,50,93,54,36,121,70,27,23,136,112,118,105,72,73,30,155,53,57,119,78,64,83,59,44,43,120,165,40,96,159,150,147,90,26,10,67,13,22,163,85,1,35,82,106,61,32,48,140,81,117,62,124,167,125,25,110,79,115,161
136,67,144,50,104,54,77,81,123,90,111,66,26,172,129,151,170,36,97,80,168,152,125,34,135,55,63,13,68,109,108,150,14,118,100,161,117,61,140,110,16,160,45,30,137,154,59,57,112,141,64,76,60,46,52,21,1,22,43,130,27,94,139,142,12,8,98,157,167,127,120,86,23,114,32,2,73,69,83,85,33,72,143,138,51,82,79,78,93,9,156,107,103,40,48,56,99,25,165,134,147,164,44,53,148,15,19,133,71,5,74,18,171,132,158,70,62,122,17,38,113,131,145,128,3,35,169,10,119,146,153,47,116,4,115,121,20,39,24,84,58,49,126,6,41,96,87,37,106,124,155,105,92,88,101,28,163,89,159,91,11,42,0,95,149,65,162,29,75,31,166,7,102
160,95,87,1,93,129,48,42,142,70,67,65,5,84,153,32,123,166,63,72,131,16,113,50,104,66,144,97,102,138,139,83,7,38,0,28,30,133,151,22,45,76,141,86,27,26,6,90,57,145,12,21,91,43,71,163,108,55,100,59,124,125,137,56,85,88,14,126,114,117,73,146,103,58,31,46,119,170,136,19,169,101,156,44,10,106,109,47,36,149,64,4,143,62,74,8,41,96,140,162,18,110,54,24,79,68,98,53,164,171,118,147,150,128,148,49,15,40,132,81,127,33,111,161,120,20,9,13,135,60,25,17,11,61,75,89,94,130,39,158,23,80,29,35,37,168,34,3,159,2,69,78,121,107,77,172,167,154,115,99,122,152,165,157,155,112,105,52,116,92,82,51,134
17,156,9,65,45,98,6,4,29,95,56,0,69,42,74,108,31,142,76,123,14,7,37,116,126,49,146,39,38,168,157,135,16,131,94,71,101,80,41,68,122,2,55,153,84,171,149,154,34,141,15,87,102,58,107,114,63,91,19,24,66,144,172,130,137,169,133,89,20,151,86,148,11,128,60,109,113,46,99,100,3,143,160,132,164,158,162,88,104,77,138,139,75,97,21,152,18,47,52,103,145,129,166,51,28,127,33,5,170,92,8,134,12,111,50,93,54,36,121,70,27,23,136,112,118,105,72,73,30,155,53,57,119,78,64,83,59,44,43,120,165,40,96,159,150,147,90,26,10,67,13,22,163,85,1,35,82,106,61,32,48,140,81,117,62,124,167,125,25,110,79,115,161
17,156,9,65,45,98,6,4,29,95,56,0,69,42,74,108,31,142,76,123,14,7,37,116,126,49,146,39,38,168,157,135,16,131,94,71,101,80,41,68,122,2,55,153,84,171,149,154,34,141,15,87,102,58,107,114,63,91,19,24,66,144,172,130,137,169,133,89,20,151,86,148,11,128,60,109,113,46,99,100,3,143,160,132,164,158,162,88,104,77,138,139,75,97,21,152,18,47,52,103,145,129,166,51,28,127,33,5,170,92,8,134,12,111,50,93,54,36,121,70,27,23,136,112,118,105,72,73,30,155,53,57,119,78,64,83,59,44,43,120,165,40,96,159,150,147,90,26,10,67,13,22,163,85,1,35,82,106,61,32,48,140,81,117,62,124,167,125,25,110,79,115,161
17,156,9,65,45,98,6,4,29,95,56,0,69,42,74,108,31,142,76,123,14,7,37,116,126,49,146,39,38,168,157,135,16,131,94,71,101,80,41,68,122,2,55,153,84,171,149,154,34,141,15,87,102,58,107,114,63,91,19,24,66,144,172,130,137,169,133,89,20,151,86,148,11,128,60,109,113,46,99,100,3,143,160,132,164,158,162,88,104,77,138,139,75,97,21,152,18,47,52,103,145,129,166,51,28,127,33,5,170,92,8,134,12,111,50,93,54,36,121,70,27,23,136,112,118,105,72,73,30,155,53,57,119,78,64,83,59,44,43,120,165,40,96,159,150,147,90,26,10,67,13,22,163,85,1,35,82,106,61,32,48,140,81,117,62,124,167,125,25,110,79,115,161
136,67,144,50,104,54,77,81,123,90,111,66,26,172,129,151,170,36,97,80,168,152,125,34,135,55,63,13,68,109,108,150,14,118,100,161,117,61,140,110,16,160,45,30,137,154,59,57,112,141,64,76,60,46,52,21,1,22,43,130,27,94,139,142,12,8,98,157,167,127,120,86,23,114,32,2,73,69,83,85,33,72,143,138,51,82,79,78,93,9,156,107,103,40,48,56,99,25,165,134,147,164,44,53,148,15,19,133,71,5,74,18,171,132,158,70,62,122,17,38,113,131,145,128,3,35,169,10,119,146,153,47,116,4,115,121,20,39,24,84,58,49,126,6,41,96,87,37,106,124,155,105,92,88,101,28,163,89,159,91,11,42,0,95,149,65,162,29,75,31,166,7,102
136,67,144,50,104,54,77,81,123,90,111,66,26,172,129,151,170,36,97,80,168,152,125,34,135,55,63,13,68,109,108,150,14,118,100,161,117,61,140,110,16,160,45,30,137,154,59,57,112,141,64,76,60,46,52,21,1,22,43,130,27,94,139,142,12,8,98,157,167,127,120,86,23,114,32,2,73,69,83,85,33,72,143,138,51,82,79,78,93,9,156,107,103,40,48,56,99,25,165,134,147,164,44,53,148,15,19,133,71,5,74,18,171,132,158,70,62,122,17,38,113,131,145,128,3,35,169,10,119,146,153,47,116,4,115,121,20,39,24,84,58,49,126,6,41,96,87,37,106,124,155,105,92,88,101,28,163,89,159,91,11,42,0,95,149,65,162,29,75,31,166,7,102
136,67,144,50,104,54,77,81,123,90,111,66,26,172,129,151,170,36,97,80,168,152,125,34,135,55,63,13,68,109,108,150,14,118,100,161,117,61,140,110,16,160,45,30,137,154,59,57,112,141,64,76,60,46,52,21,1,22,43,130,27,94,139,142,12,8,98,157,167,127,120,86,23,114,32,2,73,69,83,85,33,72,143,138,51,82,79,78,93,9,156,107,103,40,48,56,99,25,165,134,147,164,44,53,148,15,19,133,71,5,74,18,171,132,158,70,62,122,17,38,113,131,145,128,3,35,169,10,119,146,153,47,116,4,115,121,20,39,24,84,58,49,126,6,41,96,87,37,106,124,155,105,92,88,101,28,163,89,159,91,11,42,0,95,149,65,162,29,75,31,166,7,102
160,95,87,1,93,129,48,42,142,70,67,65,5,84,153,32,123,166,63,72,131,16,113,50,104,66,144,97,102,138,139,83,7,38,0,28,30,133,151,22,45,76,141,86,27,26,6,90,57,145,12,21,91,43,71,163,108,55,100,59,124,125,137,56,85,88,14,126,114,117,73,146,103,58,31,46,119,170,136,19,169,101,156,44,10,106,109,47,36,149,64,4,143,62,74,8,41,96,140,162,18,110,54,24,79,68,98,53,164,171,118,147,150,128,148,49,15,40,132,81,127,33,111,161,120,20,9,13,135,60,25,17,11,61,75,89,94,130,39,158,23,80,29,35,37,168,34,3,159,2,69,78,121,107,77,172,167,154,115,99,122,152,165,157,155,112,105,52,116,92,82,51,134
136,67,144,50,104,54,77,81,123,90,111,66,26,172,129,151,170,36,97,80,168,152,125,34,135,55,63,13,68,109,108,150,14,118,100,161,117,61,140,110,16,160,45,30,137,154,59,57,112,141,64,76,60,46,52,21,1,22,43,130,27,94,139,142,12,8,98,157,167,127,120,86,23,114,32,2,73,69,83,85,33,72,143,138,51,82,79,78,93,9,156,107,103,40,48,56,99,25,165,134,147,164,44,53,148,15,19,133,71,5,74,18,171,132,158,70,62,122,17,38,113,131,145,128,3,35,169,10,119,146,153,47,116,4,115,121,20,39,24,84,58,49,126,6,41,96,87,37,106,124,155,105,92,88,101,28,163,89,159,91,11,42,0,95,149,65,162,29,75,31,166,7,102
160,95,87,1,93,129,48,42,142,70,67,65,5,84,153,32,123,166,63,72,131,16,113,50,104,66,144,97,102,138,139,83,7,38,0,28,30,133,151,22,45,76,141,86,27,26,6,90,57,145,12,21,91,43,71,163,108,55,100,59,124,125,137,56,85,88,14,126,114,117,73,146,103,58,31,46,119,170,136,19,169,101,156,44,10,106,109,47,36,149,64,4,143,62,74,8,41,96,140,162,18,110,54,24,79,68,98,53,164,171,118,147,150,128,148,49,15,40,132,81,127,33,111,161,120,20,9,13,135,60,25,17,11,61,75,89,94,130,39,158,23,80,29,35,37,168,34,3,159,2,69,78,121,107,77,172,167,154,115,99,122,152,165,157,155,112,105,52,116,92,82,51,134
17,156,9,65,45,98,6,4,29,95,56,0,69,42,74,108,31,142,76,123,14,7,37,116,126,49,146,39,38,168,157,135,16,131,94,71,101,80,41,68,122,2,55,153,84,171,149,154,34,141,15,87,102,58,107,114,63,91,19,24,66,144,172,130,137,169,133,89,20,151,86,148,11,128,60,109,113,46,99,100,3,143,160,132,164,158,162,88,104,77,138,139,75,97,21,152,18,47,52,103,145,129,166,51,28,127,33,5,170,92,8,134,12,111,50,93,54,36,121,70,27,23,136,112,118,105,72,73,30,155,53,57,119,78,64,83,59,44,43,120,165,40,96,159,150,147,90,26,10,67,13,22,163,85,1,35,82,106,61,32,48,140,81,117,62,124,167,125,25,110,79,115,161
136,67,144,50,104,54,77,81,123,90,111,66,26,172,129,151,170,36,97,80,168,152,125,34,135,55,63,13,68,109,108,150,14,118,100,161,117,61,140,110,16,160,45,30,137,154,59,57,112,141,64,76,60,46,52,21,1,22,43,130,27,94,139,142,12,8,98,157,167,127,120,86,23,114,32,2,73,69,83,85,33,72,143,138,51,82,79,78,93,9,156,107,103,40,48,56,99,25,165,134,147,164,44,53,148,15,19,133,71,5,74,18,171,132,158,70,62,122,17,38,113,131,145,128,3,35,169,10,119,146,153,47,116,4,115,121,20,39,24,84,58,49,126,6,41,96,87,37,106,124,155,105,92,88,101,28,163,89,159,91,11,42,0,95,149,65,162,29,75,31,166,7,102
160,95,87,1,93,129,48,42,142,70,67,65,5,84,153,32,123,166,63,72,131,16,113,50,104,66,144,97,102,138,139,83,7,38,0,28,30,133,151,22,45,76,141,86,27,26,6,90,57,145,12,21,91,43,71,163,108,55,100,59,124,125,137,56,85,88,14,126,114,117,73,146,103,58,31,46,119,170,136,19,169,101,156,44,10,106,109,47,36,149,64,4,143,62,74,8,41,96,140,162,18,110,54,24,79,68,98,53,164,171,118,147,150,128,148,49,15,40,132,81,127,33,111,161,120,20,9,13,135,60,25,17,11,61,75,89,94,130,39,158,23,80,29,35,37,168,34,3,159,2,69,78,121,107,77,172,167,154,115,99,122,152,165,157,155,112,105,52,116,92,82,51,134
160,95,87,1,93,129,48,42,142,70,67,65,5,84,153,32,123,166,63,72,131,16,113,50,104,66,144,97,102,138,139,83,7,38,0,28,30,133,151,22,45,76,141,86,27,26,6,90,57,145,12,21,91,43,71,163,108,55,100,59,124,125,137,56,85,88,14,126,114,117,73,146,103,58,31,46,119,170,136,19,169,101,156,44,10,106,109,47,36,149,64,4,143,62,74,8,41,96,140,162,18,110,54,24,79,68,98,53,164,171,118,147,150,128,148,49,15,40,132,81,127,33,111,161,120,20,9,13,135,60,25,17,11,61,75,89,94,130,39,158,23,80,29,35,37,168,34,3,159,2,69,78,121,107,77,172,167,154,115,99,122,152,165,157,155,112,105,52,116,92,82,51,134
136,67,144,50,104,54,77,81,123,90,111,66,26,172,129,151,170,36,97,80,168,152,125,34,135,55,63,13,68,109,108,150,14,118,100,161,117,61,140,110,16,160,45,30,137,154,59,57,112,141,64,76,60,46,52,21,1,22,43,130,27,94,139,142,12,8,98,157,167,127,120,86,23,114,32,2,73,69,83,85,33,72,143,138,51,82,79,78,93,9,156,107,103,40,48,56,99,25,165,134,147,164,44,53,148,15,19,133,71,5,74,18,171,132,158,70,62,122,17,38,113,131,145,128,3,35,169,10,119,146,153,47,116,4,115,121,20,39,24,84,58,49,126,6,41,96,87,37,106,124,155,105,92,88,101,28,163,89,159,91,11,42,0,95,149,65,162,29,75,31,166,7,102
160,95,87,1,93,129,48,42,142,70,67,65,5,84,153,32,123,166,63,72,131,16,113,50,104,66,144,97,102,138,139,83,7,38,0,28,30,133,151,22,45,76,141,86,27,26,6,90,57,145,12,21,91,43,71,163,108,55,100,59,124,125,137,56,85,88,14,126,114,117,73,146,103,58,31,46,119,170,136,19,169,101,156,44,10,106,109,47,36,149,64,4,143,62,74,8,41,96,140,162,18,110,54,24,79,68,98,53,164,171,118,147,150,128,148,49,15,40,132,81,127,33,111,161,120,20,9,13,135,60,25,17,11,61,75,89,94,130,39,158,23,80,29,35,37,168,34,3,159,2,69,78,121,107,77,172,167,154,115,99,122,152,165,157,155,112,105,52,116,92,82,51,134
136,67,144,50,104,54,77,81,123,90,111,66,26,172,129,151,170,36,97,80,168,152,125,34,135,55,63,13,68,109,108,150,14,118,100,161,117,61,140,110,16,160,45,30,137,154,59,57,112,141,64,76,60,46,52,21,1,22,43,130,27,94,139,142,12,8,98,157,167,127,120,86,23,114,32,2,73,69,83,85,33,72,143,138,51,82,79,78,93,9,156,107,103,40,48,56,99,25,165,134,147,164,44,53,148,15,19,133,71,5,74,18,171,132,158,70,62,122,17,38,113,131,145,128,3,35,169,10,119,146,153,47,116,4,115,121,20,39,24,84,58,49,126,6,41,96,87,37,106,124,155,105,92,88,101,28,163,89,159,91,11,42,0,95,149,65,162,29,75,31,166,7,102
160,95,87,1,93,129,48,42,142,70,67,65,5,84,153,32,123,166,63,72,131,16,113,50,104,66,144,97,102,138,139,83,7,38,0,28,30,133,151,22,45,76,141,86,27,26,6,90,57,145,12,21,91,43,71,163,108,55,100,59,124,125,137,56,85,88,14,126,114,117,73,146,103,58,31,46,119,170,136,19,169,101,156,44,10,106,109,47,36,149,64,4,143,62,74,8,41,96,140,162,18,110,54,24,79,68,98,53,164,171,118,147,150,128,148,49,15,40,132,81,127,33,111,161,120,20,9,13,135,60,25,17,11,61,75,89,94,130,39,158,23,80,29,35,37,168,34,3,159,2,69,78,121,107,77,172,167,154,115,99,122,152,165,157,155,112,105,52,116,92,82,51,134
136,67,144,50,104,54,77,81,123,90,111,66,26,172,129,151,170,36,97,80,168,152,125,34,135,55,63,13,68,109,108,150,14,118,100,161,117,61,140,110,16,160,45,30,137,154,59,57,112,141,64,76,60,46,52,21,1,22,43,130,27,94,139,142,12,8,98,157,167,127,120,86,23,114,32,2,73,69,83,85,33,72,143,138,51,82,79,78,93,9,156,107,103,40,48,56,99,25,165,134,147,164,44,53,148,15,19,133,71,5,74,18,171,132,158,70,62,122,17,38,113,131,145,128,3,35,169,10,119,146,153,47,116,4,115,121,20,39,24,84,58,49,126,6,41,96,87,37,106,124,155,105,92,88,101,28,163,89,159,91,11,42,0,95,149,65,162,29,75,31,166,7,102
136,67,144,50,104,54,77,81,123,90,111,66,26,172,129,151,170,36,97,80,168,152,125,34,135,55,63,13,68,109,108,150,14,118,100,161,117,61,140,110,16,160,45,30,137,154,59,57,112,141,64,76,60,46,52,21,1,22,43,130,27,94,139,142,12,8,98,157,167,127,120,86,23,114,32,2,73,69,83,85,33,72,143,138,51,82,79,78,93,9,156,107,103,40,48,56,99,25,165,134,147,164,44,53,148,15,19,133,71,5,74,18,171,132,158,70,62,122,17,38,113,131,145,128,3,35,169,10,119,146,153,47,116,4,115,121,20,39,24,84,58,49,126,6,41,96,87,37,106,124,155,105,92,88,101,28,163,89,159,91,11,42,0,95,149,65,162,29,75,31,166,7,102
17,156,9,65,45,98,6,4,29,95,56,0,69,42,74,108,31,142,76,123,14,7,37,116,126,49,146,39,38,168,157,135,16,131,94,71,101,80,41,68,122,2,55,153,84,171,149,154,34,141,15,87,102,58,107,114,63,91,19,24,66,144,172,130,137,169,133,89,20,151,86,148,11,128,60,109,113,46,99,100,3,143,160,132,164,158,162,88,104,77,138,139,75,97,21,152,18,47,52,103,145,129,166,51,28,127,33,5,170,92,8,134,12,111,50,93,54,36,121,70,27,23,136,112,118,105,72,73,30,155,53,57,119,78,64,83,59,44,43,120,165,40,96,159,150,147,90,26,10,67,13,22,163,85,1,35,82,106,61,32,48,140,81,117,62,124,167,125,25,110,79,115,161
17,156,9,65,45,98,6,4,29,95,56,0,69,42,74,108,31,142,76,123,14,7,37,116,126,49,146,39,38,168,157,135,16,131,94,71,101,80,41,68,122,2,55,153,84,171,149,154,34,141,15,87,102,58,107,114,63,91,19,24,66,144,172,130,137,169,133,89,20,151,86,148,11,128,60,109,113,46,99,100,3,143,160,132,164,158,162,88,104,77,138,139,75,97,21,152,18,47,52,103,145,129,166,51,28,127,33,5,170,92,8,134,12,111,50,93,54,36,121,70,27,23,136,112,118,105,72,73,30,155,53,57,119,78,64,83,59,44,43,120,165,40,96,159,150,147,90,26,10,67,13,22,163,85,1,35,82,106,61,32,48,140,81,117,62,124,167,125,25,110,79,115,161
